7.680375,6.788766,7.566198,7.596880,7.823295,6.395103,6.670446,7.536459,6.555549,7.107940,613.255323
6.954794,7.257742,6.729569,7.026802,7.904459,7.832390,7.271423,7.434594,6.283205,7.213938,629.042285
6.032601,6.485774,6.274463,7.608354,6.313358,6.801889,6.259581,6.217618,7.997849,6.436514,534.085259
7.025865,7.678224,7.225280,6.592063,7.275105,7.048574,6.987166,7.945550,6.585034,7.542715,626.560762
7.053490,7.539828,6.800457,7.783059,6.566629,6.704917,7.615449,7.838053,6.139511,7.898654,677.540553
7.051991,6.172112,6.384428,7.326454,7.780465,6.697786,6.128343,6.040046,6.915403,6.126192,522.597144
6.476560,7.941268,7.804416,7.701840,6.533331,7.079521,6.750414,7.520497,7.025071,7.335448,606.528025
7.063213,6.078561,6.875275,7.863670,7.861620,7.441905,6.568587,7.477069,7.279958,6.708097,600.128588
7.375723,6.331948,6.880209,7.760150,7.658402,6.660674,6.457936,7.786745,6.700720,7.373340,601.863807
7.912937,7.177280,7.314608,7.717353,6.879120,7.847940,6.796873,7.629534,7.368437,7.821944,643.480783
6.964981,6.431650,7.900505,7.840257,6.295320,7.762124,7.282161,6.863907,7.239193,6.562119,632.379310
7.572004,6.614916,6.894067,6.452213,6.375066,6.552469,7.112888,6.833003,6.339214,7.813608,607.319941
6.206342,6.252151,6.990888,7.520950,7.969503,7.870008,7.368890,6.766377,7.499542,6.737327,619.780545
6.588321,6.464523,7.168977,6.488825,6.304780,7.464297,6.250950,7.586941,6.328204,7.490143,549.802073
6.149060,7.900208,6.105059,7.043127,6.352421,6.480125,7.595596,7.465309,7.313127,7.934810,654.809667
7.278917,7.519470,6.186961,6.269805,7.040420,6.156464,6.139813,6.409310,6.922841,7.639355,533.929845
7.146637,7.511162,6.103878,6.315614,7.999987,6.408657,7.779911,6.250937,7.995598,6.108115,652.238221
7.741080,6.144658,6.008323,7.846138,7.187784,6.360745,6.326263,6.783380,7.826053,7.639390,587.597396
6.718191,7.104970,7.158860,6.905152,7.374775,6.199280,7.061616,7.514588,6.608590,7.984457,615.588237
7.153942,7.755228,7.495619,7.257820,6.070842,7.495606,7.666477,7.850753,7.746543,7.662075,698.654170
7.958868,7.487622,7.806733,7.967191,7.333761,6.994517,6.327936,7.660024,7.777898,6.153989,621.130890
7.299414,6.496088,7.258959,6.458274,7.401240,6.633734,6.657554,6.462856,6.148322,7.266144,557.461222
6.447313,7.302264,7.021372,7.942931,6.560084,7.092214,7.438537,6.226561,6.942967,7.185080,619.112714
7.888636,6.901835,6.672702,7.695369,6.869027,6.006463,6.689886,7.196963,7.666487,6.467783,622.828963
7.350952,6.965901,6.963872,6.609911,7.424175,6.365112,7.243646,6.081729,6.827967,7.391968,601.564324
7.347873,7.275280,6.694232,6.369245,7.218212,7.254316,7.461459,6.656749,7.480877,6.404426,636.471322
7.841829,7.369513,7.306261,6.514531,7.064882,6.175287,6.520994,7.754768,7.372250,6.187480,611.345923
6.222551,6.723202,7.153381,7.186423,7.333113,6.577556,7.551534,6.576759,6.659284,6.379502,615.894859
7.968726,6.007157,7.654782,6.662958,6.376402,6.872994,7.917274,7.837861,7.529743,7.398151,718.049878
6.242286,7.371572,6.767664,7.548547,7.886103,7.832546,7.723834,6.407096,7.587314,7.096084,644.493888
6.594577,7.809865,7.819286,7.747958,6.996288,7.152399,6.325513,6.547822,7.729158,6.984798,563.253909
6.927324,7.697884,6.991955,6.582107,6.360842,7.368357,7.455101,6.278116,7.206218,6.984843,619.959099
7.676267,7.448504,6.356415,6.443931,6.997051,6.242518,6.276477,6.720885,6.649614,7.863791,557.186142
7.816969,7.244191,7.673656,7.636255,6.992149,6.669943,6.788654,7.317662,7.217766,6.517812,627.407249
6.302460,6.145090,6.215697,7.294415,6.727197,6.576539,6.662772,6.182297,6.854655,7.868989,547.781667
7.167141,6.530923,7.317493,7.523556,6.974854,6.314544,7.766073,7.251331,7.035429,6.415687,676.378512
7.115121,6.852399,7.659878,6.788777,6.488654,6.652027,7.458720,7.277308,7.969689,6.676486,658.330336
7.795121,6.272149,6.821576,6.010817,7.566564,7.548772,6.587356,6.229336,7.731070,7.442012,571.427598
6.098325,6.898210,7.972934,7.415818,6.421766,6.947788,7.730362,6.187839,6.199119,6.765792,616.859589
6.603526,7.314240,7.618191,6.263404,6.103017,6.106845,6.915431,7.561737,7.384153,6.885120,606.536542
6.238223,7.179273,7.157270,7.059798,7.190091,6.723834,6.608571,7.777447,6.953169,6.339641,585.825322
7.219458,7.051494,7.237851,7.192392,6.467312,7.659617,6.140180,6.197675,7.847456,6.339299,545.431726
6.963467,6.450982,7.653539,6.581657,6.714386,7.756555,6.688502,7.629817,7.318292,6.072655,597.401423
6.514938,7.556515,7.251928,7.672207,6.616313,6.442019,6.396041,7.224884,6.219465,7.349210,563.517402
7.564525,7.438924,6.400705,6.802375,6.631316,6.868017,6.461992,6.771496,7.065692,6.309448,573.765209
7.110795,6.029159,6.760429,6.764334,6.610816,7.474815,6.520890,7.299318,7.104633,7.839182,580.303281
7.371973,7.619571,7.395696,6.623901,7.291778,6.012010,7.065920,7.687819,7.236894,7.285385,639.475708
7.037030,6.801418,6.724309,7.437734,7.603793,7.355625,6.305752,6.065785,6.127121,7.371444,530.924670
6.375233,7.237917,7.400602,7.135662,6.002251,6.011418,6.610478,6.523141,7.310736,7.715110,563.259420
6.362322,6.682709,7.334681,7.758019,7.306610,6.626459,7.770028,6.372530,6.314278,7.006922,633.827411
7.657915,7.351308,7.808340,6.382223,6.789043,7.412133,7.737848,7.094794,7.477919,7.864969,679.765161
6.466238,7.853152,7.102886,7.866840,6.988814,7.105137,7.878258,7.599291,7.628277,7.188995,699.214730
7.314402,7.990600,7.871703,6.649083,7.748619,7.178313,7.275542,7.518647,7.550843,7.589820,655.363899
6.525569,7.208758,6.941128,6.333909,7.590981,7.730171,7.746043,7.328829,6.824965,7.223961,652.797694
7.193798,7.291203,7.077113,6.296684,7.158043,6.065927,7.401821,7.036301,7.665218,7.030098,642.139109
6.225296,6.979620,7.020698,6.096999,7.628703,6.769317,7.275313,6.904245,6.287964,6.826156,589.816274
6.494065,6.813533,6.034913,7.435193,7.147442,7.625894,7.165365,6.893485,6.954723,7.990330,609.736795
6.117446,6.148521,7.281533,7.194560,6.445205,6.439576,7.260486,7.847025,7.475877,6.925704,635.979200
6.877124,7.701173,7.905325,7.897822,7.798172,7.534027,6.667138,7.073485,6.438272,6.955102,590.000162
7.899641,6.932337,7.768636,7.934554,6.367531,6.916078,7.560448,7.532895,7.809563,6.515171,700.345836
7.523225,7.927010,6.663692,6.804758,7.121569,7.108896,7.244333,6.382055,6.955922,6.720210,618.355298
7.307760,7.833045,6.421383,7.213084,7.730867,6.219555,6.747112,6.398005,7.293040,7.185384,588.543992
7.353108,7.192681,6.117721,7.121744,7.127235,6.485252,6.037822,6.687683,6.018147,7.847385,533.231410
7.202853,7.541372,7.774394,7.866545,6.346129,6.895963,6.975441,7.590463,7.278018,7.931363,642.851043
6.310673,6.585778,7.764409,6.732056,7.798863,7.495276,6.951611,6.545974,7.893281,6.244652,583.522325
7.731358,7.246389,7.437333,7.849079,6.368132,6.564568,6.334331,6.405954,7.252250,6.352478,574.362735
6.253338,6.455104,7.893849,6.027733,6.321649,6.239979,6.923696,7.297090,7.830441,6.201714,591.924788
7.228453,6.141114,6.787492,6.992862,6.873170,6.586355,6.488137,7.824781,7.132329,6.381418,595.623038
6.069433,6.863687,7.627807,7.506765,6.712766,7.995940,6.071333,7.047097,6.401894,7.323583,527.916880
7.399574,6.655232,7.778687,7.293424,6.682965,6.100336,7.533402,7.606660,7.397426,7.363843,677.835812
7.808374,6.625879,7.504957,6.595866,7.618741,6.378127,7.182221,6.106879,6.202908,6.314550,596.428125
6.488297,6.272341,7.178237,6.116105,7.779106,7.891003,6.112044,7.850439,6.938100,6.513938,547.848984
7.174022,6.337674,7.169170,6.952709,7.631098,7.852135,7.053045,7.164500,7.458795,6.450471,619.328462
6.528344,7.267170,7.076351,6.033301,7.863036,6.695092,6.411428,7.045257,6.801971,6.614337,546.631712
7.359808,7.290268,6.886678,6.538045,7.406372,6.665784,6.429048,7.518417,6.516223,7.367148,580.025103
6.032355,7.690246,7.704822,7.201525,6.642955,7.335920,7.053660,7.696000,6.500421,6.512456,609.049970
6.146471,7.028764,7.779625,7.222822,7.062066,7.642662,7.917914,7.473494,6.687919,6.719884,669.970045
6.087831,6.047726,6.010152,6.974508,6.585771,7.416525,7.640292,7.014819,6.934942,6.156516,628.302758
6.381967,6.967297,7.846762,6.086789,6.168822,6.489717,7.422710,7.222482,6.185717,7.923130,613.734829
7.734938,6.332188,6.951895,7.514564,7.555010,6.013960,7.157225,7.472924,7.487454,7.845144,655.909734
6.192808,7.575285,7.892870,6.202961,6.549793,6.478642,7.619486,6.190085,7.493461,6.554427,615.400988
6.346601,7.875428,7.521724,6.193363,7.962217,7.690546,6.683079,7.384927,6.913028,6.868796,576.504664
7.308057,6.647966,7.200984,6.259952,6.162530,6.755994,6.273912,7.319755,6.228918,7.761366,555.852386
7.164899,6.421726,7.336651,7.057770,6.624687,7.886444,7.536411,6.244172,6.076530,7.029872,616.497008
6.798600,6.423131,6.905300,6.320324,6.616494,6.867517,6.010870,7.299573,6.252444,6.923898,527.015382
6.168369,7.560501,7.571865,7.369354,7.820453,7.734395,6.125348,6.094365,7.054150,6.354266,516.090805
7.855732,6.219049,6.775992,7.192383,7.276819,7.400679,7.078827,6.813230,7.644852,7.155357,631.385309
7.843102,6.443452,7.578487,6.748402,6.763775,6.194981,7.615919,6.774645,7.494554,7.868362,665.963173
7.698543,7.662924,7.428863,7.270408,7.032277,7.249316,7.004803,7.157625,7.343682,6.058952,633.352859
7.511891,7.199413,6.278002,6.287883,6.391796,7.554820,7.688562,7.470623,6.368051,7.333414,665.331655
6.625979,6.211153,7.776866,6.204467,6.959554,6.540641,6.399448,6.575473,7.315286,7.894002,542.583907
6.443835,7.013829,7.556925,7.872698,6.284237,6.589203,7.122015,7.289040,7.746828,6.465696,630.660002
7.347992,7.258719,7.665109,7.625994,7.546602,6.056905,7.180814,7.235164,7.527528,7.548865,648.733504
6.568579,6.153507,7.760017,6.345444,6.357973,6.719572,6.886085,6.757421,7.295044,6.201371,575.988241
6.651423,7.738880,7.215201,6.208348,7.611578,7.499438,6.797551,6.733593,6.788478,6.544379,569.754915
7.199289,6.136470,7.803097,6.864398,7.762463,7.349699,6.921303,6.943278,6.584863,6.448831,592.764743
6.492142,7.153442,6.602338,6.252160,7.498886,6.960311,6.971732,6.384972,7.717732,6.266776,578.342918
6.586343,6.369155,6.005656,7.801544,6.577503,7.617234,7.300981,7.375054,6.350826,6.089459,625.589430
7.919433,7.550115,6.225929,7.722530,6.414513,7.988392,7.072229,7.335817,6.931670,7.657093,649.250096
7.784648,7.423812,6.810535,6.386985,7.675972,6.309421,7.347296,6.647703,6.694393,7.065028,629.238312
6.914479,7.280736,7.434183,6.920135,7.082279,6.011686,6.537368,6.383261,7.386741,6.888195,562.504901
6.472720,7.306173,6.438310,6.698648,7.028703,6.852823,6.687040,6.100933,6.188640,7.618710,540.356106
7.758025,7.973287,7.042522,6.568560,6.360273,6.718493,6.877981,7.707569,7.366197,7.572373,637.592877
6.772597,6.280676,6.853109,6.206780,7.200811,7.935388,6.218467,7.738179,6.318649,7.605207,551.867314
6.626374,6.791368,6.911381,7.064684,7.490017,7.940084,7.917507,6.177057,6.041017,6.106147,632.549065
7.795766,7.799042,6.079434,6.838288,6.367602,6.439707,7.556781,7.245583,6.147276,6.922978,659.400207
6.817956,6.919873,7.203654,7.671065,7.126653,6.404465,7.606453,7.345120,6.142644,7.925102,655.012168
6.950328,6.769018,6.716471,7.861709,7.833702,6.206487,7.801793,7.751209,6.383544,7.842809,687.989357
7.857355,6.179310,7.641851,7.936789,7.017598,6.009453,6.376496,6.574379,7.255036,6.523772,581.314186
7.497357,6.072992,7.443645,6.701011,7.744057,6.570298,7.105475,7.350510,7.915419,7.248119,638.567755
7.275612,6.865746,6.017137,7.992083,6.727455,7.850839,6.198570,6.529248,7.602048,6.582114,563.239498
6.372057,7.459403,6.761424,6.013908,7.396193,7.779022,6.023361,7.772689,6.353401,7.278397,535.732980
6.296461,7.850757,7.351389,7.740105,6.551768,7.095446,6.310404,7.657243,6.445956,6.225822,568.516443
6.905362,7.721568,7.091569,6.922500,7.713652,7.819024,6.773339,7.912222,6.348271,6.375386,606.820865
6.494336,6.720329,7.834789,7.255760,6.734237,7.230982,7.034781,6.757598,7.003671,7.388182,595.703872
6.035995,7.300131,7.238940,7.387384,7.040237,7.790707,6.482830,7.350640,7.447951,6.928786,573.477532
7.576463,6.353313,6.650354,6.668032,7.275812,6.364006,6.487055,6.049151,6.276227,6.835327,543.446908
6.424537,6.770563,7.555655,6.259327,6.026323,6.289892,7.490309,7.061104,7.047491,6.493979,623.550405
6.449287,7.083486,7.794111,7.688226,6.470870,6.834347,7.478933,6.953700,6.184987,6.926884,627.691281
7.882486,7.761450,7.280197,6.532840,6.429482,6.556009,6.896846,6.916537,6.605160,7.173073,608.633039
7.751864,7.029698,7.943636,7.307519,7.289024,7.969959,7.597412,6.779333,7.031064,6.644902,663.380841
7.273313,7.480350,7.728389,7.067423,7.168576,6.199259,7.901771,6.647510,7.152959,6.086758,673.035915
7.574394,7.035444,7.848208,6.854591,7.568284,6.277690,7.410600,6.465130,7.194227,6.015760,633.341602
7.638203,6.946091,7.045458,7.581840,6.253610,6.334482,7.551799,7.851022,7.113815,6.582863,689.745735
6.495925,6.387128,6.063213,6.224313,7.454551,7.231789,6.423572,7.356322,7.879299,7.576531,567.942966
7.443080,7.453692,6.611975,7.291288,6.308283,6.180259,7.568978,7.718883,6.645390,6.763205,676.068894
7.734643,6.283593,7.709296,6.780101,7.865432,7.962907,7.114583,7.417231,7.813929,6.228398,644.574717
6.000094,6.309853,6.615526,6.063306,6.534166,6.070078,7.295095,6.957738,7.426400,7.174394,599.839470
6.534269,6.869480,6.628086,7.146244,6.160768,6.936369,7.326503,7.729746,6.655252,7.971893,638.877706
6.492951,6.389895,6.255485,6.202247,7.169996,6.120918,6.165154,6.284579,7.538149,7.979083,520.163692
6.512977,7.538243,6.288936,7.128503,7.601549,6.823102,7.198581,6.896645,7.780841,6.624981,619.869268
6.071039,6.315109,7.494461,6.699125,7.461353,7.655229,7.635494,6.787856,7.384975,6.290746,627.123122
6.759749,7.877927,6.680641,7.015234,6.080174,7.850637,7.136152,6.245328,6.135216,6.674301,583.865750
6.224411,6.648193,6.212544,6.513347,7.776696,7.814093,7.336449,6.975278,6.710737,7.117290,603.902319
7.600259,6.781776,7.432399,7.094720,7.480901,6.893752,6.749949,7.116395,7.681608,6.134925,611.569597
7.407141,6.441357,6.012851,6.087783,7.456591,6.093025,7.938420,6.592743,6.338353,6.073635,651.192225
7.267044,6.562764,6.721828,7.479588,7.076111,6.498524,7.293681,6.412560,7.473802,6.004418,624.598748
7.529849,7.074060,6.786195,6.962248,6.168780,6.267096,7.856000,6.918729,7.383491,7.537609,683.758314
7.053654,6.790632,7.978966,7.066505,6.878415,7.435557,7.159531,6.816834,6.028300,7.497884,603.626058
6.890469,7.295345,6.060648,7.612297,6.774933,7.136759,6.110821,6.068614,7.549319,7.584623,537.316842
6.073032,7.079168,6.658683,6.859227,6.041416,6.827464,7.126322,7.897416,7.746193,6.509813,628.936775
7.435025,6.799847,7.300445,7.413991,7.866352,6.178859,6.849547,7.025883,6.995694,6.877848,608.976449
6.523767,7.886163,6.173192,6.584415,7.498460,6.948125,7.721174,7.609281,7.016739,7.270492,665.616105
7.193904,7.089771,6.349660,7.852588,7.948997,6.391076,6.680051,7.075320,6.288493,6.426244,589.762544
7.585132,7.723517,7.226092,6.885577,7.137508,7.092444,7.064437,7.987055,6.118327,6.060130,639.182875
6.864903,6.642093,7.946293,7.038096,7.226508,7.444753,7.986221,6.947682,7.054035,7.002960,676.542449
6.218174,6.247939,6.092730,6.567834,6.100527,6.041728,6.958910,6.780578,7.117047,7.247403,575.828679
7.206822,6.702180,6.970920,6.432914,7.587757,6.108428,7.525358,6.652194,6.095484,7.643684,622.326235
6.712324,6.960387,6.285778,6.658617,7.998482,7.512286,6.103370,7.984703,6.459968,7.157405,558.253042
6.987663,6.678142,7.405344,7.080393,7.245976,7.505870,7.122121,6.204886,6.286448,6.239168,583.932363
7.452288,7.493270,6.941348,6.423209,7.926184,6.529105,6.531637,7.451542,7.181299,6.627120,593.128005
7.095226,7.893623,7.587507,7.381003,6.552240,7.585989,6.893289,6.655610,7.570692,7.353257,607.887887
7.813015,6.558355,6.031398,7.218359,7.638748,7.277374,6.724229,6.760869,7.482260,7.010678,603.214221
7.000037,6.934548,6.503948,7.941385,7.357757,6.430132,6.470490,7.889394,7.881674,7.651789,617.611526
6.516514,6.976900,7.545412,6.104021,6.357903,6.097652,7.690010,7.251193,6.753262,7.260702,642.779889
6.604450,6.566277,7.819057,6.635848,7.784636,7.457805,7.913222,6.508865,6.218674,7.395482,640.137635
7.519543,7.218712,6.330030,6.023491,7.160097,7.687787,6.453623,7.630587,7.577181,6.335297,593.172825
7.282376,6.093695,7.312197,6.827788,6.197715,7.670100,6.925440,7.887725,6.921293,7.678701,626.380364
7.148427,7.525743,6.244978,6.967485,6.161591,6.029614,6.425290,6.074813,6.538479,6.643964,541.667857
7.470295,6.058021,7.862676,7.800325,6.081512,7.022773,7.488112,6.535135,6.653360,7.065293,641.059208
6.870432,7.935736,7.158988,6.182628,6.763524,7.356703,7.852729,7.688964,7.244428,6.774022,683.818114
7.367666,6.392855,6.299764,7.612644,7.360340,6.461355,7.642258,7.785630,6.536167,6.180736,678.665943
6.429595,6.006462,6.238758,6.292271,7.806787,6.320269,7.315043,7.294899,6.855404,7.968403,613.535528
6.360193,7.725836,7.904139,7.519180,7.908464,6.667664,6.875883,7.761193,6.356628,6.120311,606.088757
6.535215,7.724293,6.513167,6.834979,7.336937,7.873507,7.296333,6.979195,7.659137,7.832501,628.205029
7.159931,6.088732,7.838963,7.398688,6.381003,7.645750,7.718958,7.696046,6.940650,6.574362,681.408920
7.664450,7.300842,6.300198,7.568589,6.820023,6.208662,6.236253,7.695906,7.969855,6.592881,606.478234
7.816217,6.505069,6.317174,6.329384,7.340048,7.654111,6.202891,6.636382,6.633306,7.862028,548.166749
6.468883,7.793237,7.950761,6.307846,7.191925,6.331764,7.953596,6.910883,6.027810,6.894245,649.513232
7.485245,7.692259,6.195087,7.785443,7.260849,7.015110,7.994105,7.497101,6.711016,7.963960,713.309891
6.089982,6.527233,6.469029,6.407156,6.856617,7.809077,6.061267,7.059508,6.445459,6.694573,512.817863
6.921537,6.914341,6.487810,6.872297,7.222187,7.679735,7.204061,7.175782,6.590619,7.231871,616.912418
6.070028,6.075864,6.924130,6.265115,7.861307,6.184979,7.280225,7.855412,7.682080,7.991241,631.040230
7.819371,7.772062,6.518474,6.288400,6.179218,7.375091,6.097477,6.240485,6.434599,6.542936,531.649880
6.935059,7.356136,7.457277,7.422869,6.228433,6.679464,7.102604,7.432494,7.855246,7.693223,642.524459
6.664364,7.925274,7.769087,7.588494,6.190389,7.630394,7.773473,7.470614,7.485805,7.455553,687.591993
7.461855,7.305176,7.227614,7.980329,7.593576,7.406832,7.355420,7.691053,7.647318,7.790019,682.425411
6.233989,6.582376,7.146155,7.691266,6.005245,7.374588,6.370730,7.107849,6.807081,6.225976,554.568505
6.801072,7.471445,6.151250,6.570159,7.059939,6.341639,6.200553,6.833412,7.812253,7.686358,553.043467
6.288965,7.274108,6.991534,7.516579,7.254437,6.585111,6.923412,6.609857,6.276164,6.570729,574.055043
6.399876,6.510153,7.153106,7.546031,6.201419,7.158351,6.920619,6.572149,6.266200,7.727700,574.638456
6.798125,7.067273,7.199145,6.949374,7.637432,6.259085,7.291013,7.837985,7.092497,7.103266,647.346829
7.524343,7.381461,6.377374,6.515877,6.898041,7.631811,7.100988,7.821452,6.241668,7.377152,633.734939
6.392182,6.641544,7.887305,7.545288,6.187575,6.088724,6.703639,7.108194,6.660872,6.969839,578.263190
6.835894,7.458997,6.037112,6.035040,6.408371,7.674544,6.294124,7.699384,7.512528,7.386621,573.292001
6.802650,7.036871,6.768083,7.180024,7.552748,7.666123,6.811835,6.653736,7.487575,7.053502,588.273230
6.030888,7.879757,7.695047,7.918192,7.425045,7.882622,6.006916,6.128683,6.990816,6.667789,514.949444
7.098522,7.826710,6.126786,7.135634,7.861750,6.535157,6.810177,6.155874,6.234541,6.322706,566.708625
7.542495,7.037191,7.359577,6.310578,6.217215,6.912325,7.976701,7.029050,7.566061,7.464277,692.267193
6.082552,7.596949,7.344034,7.777599,7.515141,6.769078,7.660220,7.522057,6.897762,6.651036,660.828700
6.189846,7.996284,6.477747,6.316632,7.131917,6.339496,6.851788,7.942095,6.495371,7.086330,596.707616
6.264800,6.037866,6.123521,7.624377,6.348444,6.340736,6.536702,6.325145,7.369786,6.102763,548.440854
7.789422,7.452338,7.699712,7.133456,7.229937,7.214853,7.902534,6.890157,6.736910,6.800296,686.879632
7.541194,6.926756,6.796579,6.018940,7.243388,7.928497,6.358437,6.095176,7.870592,6.853807,551.330650
7.181506,6.135392,6.891673,7.305027,7.759769,7.240117,7.645764,6.296471,7.565262,7.015550,645.931987
6.399235,7.354683,6.467888,6.098946,6.488139,7.697824,7.313799,6.390673,6.587982,6.050710,585.830237
7.190969,6.129175,6.977466,7.987548,6.148115,6.220854,7.916045,6.506552,6.316030,7.786636,666.629261
7.360359,7.497537,7.922028,6.252032,6.802564,7.681797,7.492149,6.448327,7.978269,7.057411,642.286127
7.463877,6.377503,6.412094,7.931765,6.476450,6.900233,7.629589,7.790249,7.290906,6.217570,693.091694
7.840959,6.481875,6.346746,6.818425,6.469422,6.494861,7.039279,6.385467,7.001413,7.355310,606.254078
6.172103,6.361772,6.852846,6.094132,6.613805,7.655410,7.775929,6.105954,6.103738,7.754198,603.332256
7.163364,7.567615,6.131701,7.575459,7.499379,6.608151,6.475692,7.128968,6.398400,7.766598,579.557111
7.346539,6.239359,6.248473,7.693284,7.057784,6.717895,6.188145,6.097063,7.103362,7.189558,542.443266
7.452373,7.275465,7.551331,6.305220,7.369597,6.165135,7.960630,7.145526,6.271089,6.064368,674.539264
6.899724,7.434453,7.631983,7.031425,7.009912,7.131362,7.639576,7.485604,6.260330,6.037976,655.854610
7.252202,7.606869,6.277335,7.500674,7.300153,7.335119,6.218569,7.488299,7.432182,7.321931,586.180790
6.677857,6.884556,6.597397,6.229188,7.189775,7.966994,6.394323,7.150406,7.112520,6.665412,555.073125
7.214773,6.012244,6.099866,6.846756,7.043669,7.109778,7.978118,6.683245,6.595382,6.238448,662.355863
6.721221,7.847583,7.845317,6.998555,7.348258,7.145470,6.333674,7.566827,6.633769,7.765857,572.924120
6.888758,7.311626,6.650412,7.486155,7.540813,7.840188,7.453149,7.935137,6.990593,6.565669,668.016354
6.600549,6.205366,6.577913,6.700415,7.052122,7.621582,7.810193,7.030240,6.304827,6.405575,642.550761
7.268688,7.026047,6.253158,7.114005,6.024603,7.601416,6.259475,6.358277,7.168242,6.893243,548.380614
6.124133,6.057001,6.204869,6.774545,7.543156,7.745682,6.614733,6.996305,7.680819,7.605326,565.687491
7.561974,6.281368,7.810692,6.139888,6.981783,6.862815,7.761470,6.791976,7.893055,6.066296,666.587478
7.197550,7.161743,7.092344,7.450708,6.275748,7.116946,7.052124,6.535223,7.475223,6.220366,611.835511
7.428466,7.599356,6.277367,7.633335,6.373901,7.820523,7.379017,6.988634,6.816828,7.059836,648.426711
6.593960,6.378803,7.341204,6.404653,6.518690,6.322987,7.267468,6.280160,7.114963,7.160523,592.154660
6.346456,6.312513,6.322266,7.438800,7.763222,6.598014,6.555746,6.815346,7.133236,6.030969,559.694566
7.035712,6.561702,7.630325,7.313079,6.195037,6.004226,7.133602,7.574054,6.992860,7.950430,636.101719
6.633890,7.586821,6.329233,7.975094,7.991473,6.847923,6.298081,7.258941,7.128083,7.413044,574.661267
6.419464,7.474539,7.725557,6.741729,6.913339,7.488779,7.339743,7.469085,6.304125,6.472979,622.175322
7.500054,7.339837,7.034681,7.130379,6.652916,7.229718,7.134605,7.786518,6.803772,6.127465,646.062140
7.736948,7.437662,7.714286,6.066181,7.412756,7.705759,6.914105,7.710838,6.964701,6.042188,625.165115
7.123882,7.384164,7.516728,6.849439,6.125894,6.430067,6.338218,7.465637,7.899152,6.642343,588.068669
7.938616,7.399206,7.982180,6.973297,6.529585,6.635095,6.203015,7.664190,6.421613,7.006787,586.124986
7.791655,6.158561,6.444449,7.505941,6.224742,7.857206,7.211701,7.138847,7.568044,6.176401,648.249332
7.181035,6.691925,7.560566,6.697763,7.541365,7.686459,7.127830,7.879583,7.152096,7.026982,641.128184
6.521926,7.090711,6.426188,6.504105,6.064008,6.955773,7.139201,6.267023,6.619963,7.560814,578.836508
7.273810,6.411618,7.719375,7.718260,7.917560,7.944117,7.575466,7.129261,7.082964,7.143509,664.879033
7.305662,6.264000,7.835434,6.866228,6.961762,7.376799,6.552687,6.089592,7.256382,7.704783,559.898546
7.116574,7.778308,6.795494,7.542762,6.282413,6.859503,6.498535,7.421614,7.126526,7.118498,596.883588
6.982428,6.400336,7.530116,6.701802,6.118595,7.447676,6.645919,7.694061,6.576937,7.728884,591.821593
6.837570,7.882599,7.992883,6.673005,6.748826,6.954645,6.049804,7.301513,7.044237,7.306185,551.218438
7.006296,6.160811,7.084493,7.801791,7.703573,7.366906,6.661293,6.202107,6.788520,7.787819,567.679203
7.320605,7.770948,6.188155,6.850721,6.472750,6.306750,6.298397,7.118669,6.000811,6.875334,557.264912
6.847553,6.838381,6.757932,6.840436,7.511386,7.506758,7.795082,7.561190,6.808272,6.839319,671.900531
6.867375,7.814568,7.000130,7.951868,7.616358,6.703703,7.318774,6.277651,6.905810,6.107295,619.200405
6.065470,6.226415,7.878242,6.253625,7.077136,6.350992,6.560375,7.375533,7.469662,6.561186,563.526178
6.250866,6.317215,7.399568,7.008799,7.157651,6.910953,6.515557,6.952733,6.472143,7.323828,549.564756
7.792052,7.339518,7.138396,6.792182,7.291386,6.754754,7.495884,6.610160,7.032406,6.401694,646.497775
6.717455,7.097876,6.628109,6.595697,7.351501,7.705244,6.946689,7.911876,7.080777,6.416351,617.666272
6.473062,7.331644,6.733566,7.872630,6.340442,7.891216,6.783583,6.855999,6.843949,7.255726,586.854919
6.179827,6.636001,6.595244,7.318223,7.428182,7.886630,6.072978,6.924067,6.496790,7.105384,523.409463
7.325761,7.214245,6.203260,7.953869,7.809942,7.554760,7.659114,6.756631,7.466636,6.739891,671.000100
7.172982,7.939698,6.071535,7.906548,7.812328,6.411977,7.797764,6.595911,7.267976,6.641713,674.037948
7.851637,7.447803,7.277714,6.446881,6.766027,6.705897,6.333511,6.839004,7.629964,6.830301,578.594776
7.944388,6.955724,6.044546,6.147648,6.909594,7.854488,7.702408,6.568708,6.611119,7.169044,651.471771
7.308599,7.784101,7.108743,7.380134,7.690649,6.921071,7.792111,7.488414,7.516982,7.060087,698.253099
6.130127,7.368619,6.507890,7.407841,7.815500,7.273917,6.113738,6.149011,6.112922,7.743702,505.848987
6.979312,6.057310,6.699426,7.023858,6.204957,7.609020,6.878345,7.907365,6.177727,7.489464,609.523822
7.076409,7.486326,7.273566,6.185152,6.866460,6.964215,7.106223,6.658570,6.452628,6.623205,592.483158
7.718657,6.582755,7.991824,6.226547,7.990597,7.807324,7.500465,6.104335,7.956335,7.613386,638.808616
7.848036,6.935646,7.670696,6.547462,7.959504,7.875653,6.156482,6.837849,7.783018,6.334209,567.739480
6.327314,6.859427,7.820535,7.600879,7.044579,6.686994,6.565094,6.150802,7.345565,7.017722,553.419749
6.774007,7.064222,7.600478,6.765831,7.290769,7.591075,6.573155,6.791234,7.695410,6.529489,573.282426
6.404620,7.543446,7.465136,6.075316,6.090908,7.424640,7.950968,6.247390,6.262489,7.733986,631.953110
6.581599,6.589802,6.593413,6.402134,6.190682,7.637993,7.089128,6.755776,7.788795,6.434692,598.199534
7.773498,6.562802,7.498914,7.373976,7.328632,6.789683,6.965051,7.901787,7.580917,6.660460,653.946832
6.431276,7.985537,6.203906,7.896412,6.060852,6.294814,7.321051,6.011821,6.542204,7.583540,602.190816
7.745807,7.123803,6.173343,6.339220,7.525937,6.364024,7.977213,6.615064,7.119800,7.766008,680.194874
7.049757,6.893298,6.328810,6.548671,6.267274,7.657442,7.338354,7.232325,7.559229,6.919271,638.502688
7.892786,7.990505,6.904808,6.096692,7.886917,6.965660,6.391506,7.207969,6.977481,6.933711,583.370522
6.791509,6.723287,6.057514,6.964852,7.062508,7.583451,7.328876,7.039721,6.198515,6.448676,613.245812
6.805728,7.248272,7.341975,7.134538,7.796943,7.609249,6.791980,7.135297,6.841574,6.351209,591.098510
6.054568,6.734360,6.341714,6.959375,6.831052,6.228631,7.925035,7.222559,7.436600,6.902516,666.066975
6.156269,6.228109,7.625803,6.213783,7.192961,6.688311,7.797234,6.521837,7.728032,7.995749,636.940717
6.970513,6.533760,7.244021,6.312488,7.668298,7.040964,7.921737,6.460278,6.176260,6.763311,640.959637
6.811488,6.230828,7.497672,7.153202,7.190203,6.328724,7.381834,7.115238,7.551282,6.818434,638.555733
6.017754,7.707552,7.046543,7.643557,7.921335,6.239503,6.331869,7.718570,6.761340,6.059900,567.922113
7.714319,7.731853,6.593661,6.958340,6.044341,6.261959,7.999303,7.966078,6.722237,6.175564,719.443734
6.729389,7.533725,6.406392,6.227061,6.686927,7.596595,6.555785,6.068761,6.711833,6.107067,535.274190
6.887194,6.729587,7.814619,7.933737,6.373144,7.735955,6.173240,6.705013,7.454524,6.934580,557.792455
6.764913,7.168843,6.666433,7.358574,6.127182,6.710774,7.620533,6.126486,6.676852,6.342770,623.716772
6.302050,7.406241,7.876495,6.708441,7.633302,6.563422,6.305036,6.189087,6.632183,7.016868,520.585573
6.296154,7.519377,7.746455,6.110773,7.453114,6.119600,7.846728,7.626354,6.824613,7.301252,664.573797
6.560934,7.589526,6.470095,7.227367,6.948099,6.597277,7.938141,6.568632,6.723763,6.614993,656.566949
6.911402,7.025812,6.021234,6.787897,7.734253,7.654536,7.351319,6.039289,7.843623,7.983501,614.661127
7.056157,6.139777,7.502878,6.802613,6.250550,6.955992,6.922212,6.097278,6.582345,7.746825,570.207937
7.398530,7.143279,7.336351,7.868624,6.370646,6.284450,6.465901,6.308787,6.853082,7.189664,569.946928
6.923780,7.764484,6.215477,6.945014,6.552381,7.949730,6.599550,7.903700,7.989019,6.443174,615.424502
7.887201,7.045177,6.582951,7.390079,7.847789,6.833501,6.346071,6.770002,6.930779,6.928416,577.707055
6.516826,6.329308,6.071695,7.853177,6.197933,6.442341,6.137627,6.663834,6.751128,6.990709,534.399424
7.853498,7.674908,6.755193,6.068975,6.619922,7.307574,6.018705,7.219472,7.211274,6.007724,559.080406
7.662646,7.098475,7.052901,6.245596,6.488554,6.900690,7.079097,6.834626,7.670691,6.009876,619.758864
7.763042,6.187518,6.339184,7.834737,6.040695,6.537117,6.277079,6.178322,7.200951,7.028207,561.017242
7.169031,7.054449,6.703114,7.924224,7.123424,7.323036,7.231799,7.142129,6.542508,6.443073,633.647956
7.149852,6.205154,7.541548,6.202753,6.450751,6.030102,7.103443,7.529848,6.864728,6.774134,617.778355
7.539724,6.627770,6.961652,7.878908,6.462507,7.002347,6.416025,6.739585,7.180669,7.616976,583.120890
7.767792,6.349700,6.671425,6.470906,6.273924,7.794848,7.793943,7.505723,6.936977,6.336451,683.599648
7.948795,6.086829,6.541605,7.490343,6.289582,6.992356,7.520445,7.393025,6.522203,6.385173,668.294732
6.167159,6.061927,7.012942,7.128812,7.940835,7.475449,6.131159,6.356859,6.215034,7.311827,505.202930
7.973835,7.982826,7.661528,6.645260,6.453733,7.935452,6.440108,6.247675,7.441175,7.377085,576.318742
6.584126,7.389970,7.463914,7.125731,6.880313,7.753496,6.118087,6.400758,7.146521,6.640290,529.204448
6.785931,7.313681,6.702217,7.798873,6.442492,6.643052,7.274322,6.573651,6.999911,7.489357,621.507875
7.885478,6.973747,7.472183,7.547006,7.619006,7.925916,7.482458,6.059114,6.173591,6.923632,631.642344
7.436199,6.757717,6.313603,6.900113,7.883448,7.193916,6.653609,6.001535,7.594674,7.800130,572.353153
6.641826,6.380605,7.113811,7.344043,6.179478,7.556303,7.987095,7.453801,6.129954,6.987006,676.179799
6.943157,6.015432,7.960753,6.415340,7.562438,7.579759,6.341256,7.044896,7.638873,6.514847,560.117275
7.968528,7.075072,7.272564,6.282131,7.975184,7.156012,7.476047,6.628793,7.157548,7.070721,645.917887
6.428923,7.799374,7.451326,7.542734,7.143416,7.630804,7.099037,7.130511,7.084605,7.228991,616.789696
6.117517,6.027762,7.244423,6.078270,6.443102,6.806861,7.658029,6.784358,7.851757,7.296902,629.865492
7.299205,7.820285,6.371974,6.571769,6.102415,6.347158,7.727782,7.578462,6.975952,6.885330,679.072632
6.649183,7.404875,6.684703,6.100509,6.947609,7.828120,7.731313,6.046646,6.958631,6.815918,620.147536
7.275637,7.076148,6.843680,6.520060,7.154418,7.286783,7.326922,6.812447,6.071141,7.178678,614.154982
6.109349,7.370347,6.998963,6.481323,7.942116,7.101378,6.828481,7.669898,6.679840,7.804433,589.163351
6.555227,7.329023,7.209308,7.239931,7.429532,6.156917,7.068050,7.160845,6.203563,6.026681,598.989932
7.976763,7.479201,7.102829,6.820444,7.999261,6.257248,6.107227,7.326183,7.069695,6.178368,575.731571
6.504861,7.179044,7.548714,7.503824,7.660368,7.490830,6.605202,6.488849,7.160728,7.285042,565.888322
6.293282,7.715955,6.614065,7.502590,6.955886,6.043597,7.659507,6.023936,7.204442,7.863070,628.578488
6.050618,7.181205,7.342271,7.153447,6.001648,7.341532,7.410695,6.108875,6.667714,6.480390,592.530425
6.287243,7.172575,7.659434,7.835957,6.676399,7.319802,7.326787,7.281600,7.808651,6.487515,643.407297
6.566642,6.101933,6.203471,7.180707,7.604524,7.159357,7.224304,7.264031,7.183293,6.428746,619.442311
7.127101,7.233911,7.609950,6.469372,6.387358,7.611599,7.810904,7.798053,7.720474,6.478618,694.613762
6.278443,6.007717,7.651193,7.937877,7.843674,6.327592,7.257679,7.170461,7.609192,7.066330,630.414911
7.657976,6.175834,7.168264,7.861447,7.356542,6.772788,7.020804,6.580846,6.036818,6.204097,603.484938
7.009592,7.163919,7.438007,6.619542,7.633291,7.825365,6.231141,7.444195,7.623418,7.951615,574.198820
7.922812,7.901860,7.959332,7.574005,7.839737,7.803005,7.901597,7.097416,6.973466,7.510789,706.570648
6.163747,6.631442,7.686623,7.332011,6.492889,7.043165,6.104798,7.513693,7.624011,6.141617,554.340710
7.717789,6.633603,7.305536,7.155797,7.253145,6.938827,6.981162,7.484286,6.383021,6.604579,624.733520
7.435901,6.305834,6.506440,7.395233,7.879839,6.346177,7.198238,7.781436,7.443594,6.171704,655.544584
7.292225,7.607341,6.803147,6.978848,6.939351,7.296036,6.022014,7.044150,6.809728,7.646025,550.401046
7.185767,6.527518,6.279628,6.491303,7.683314,7.532773,7.430129,6.664476,7.017060,7.813151,625.917008
7.269056,6.452961,6.118985,7.775495,7.848194,7.998824,6.121672,7.046432,7.780260,7.565266,571.841944
7.218137,7.072485,7.172607,6.021283,6.051334,6.111958,7.317319,6.073348,7.156108,6.127047,600.336870
7.719373,6.341875,6.654565,7.999001,6.833177,6.337879,7.531774,6.263307,7.002355,6.548834,648.321708
6.076457,6.271411,7.001796,6.195442,6.046906,6.849990,6.194266,6.168579,7.896422,7.974526,516.023608
7.733845,7.114559,7.047012,6.906451,7.135842,7.098345,7.018410,6.453161,7.171693,6.174518,608.167214
6.580208,6.891066,6.516392,7.234773,6.890066,7.349570,7.572652,6.421841,7.612876,6.575008,633.207570
6.970675,7.689334,6.846419,7.972470,7.884776,6.893325,6.822460,6.079042,7.061904,6.718882,584.063620
6.053568,6.795748,7.833441,7.100580,7.702200,6.969283,6.198926,6.720609,7.422443,7.370619,534.909854
6.895127,6.002651,6.261684,7.411519,7.237424,7.151751,6.761089,6.810077,7.573591,6.373965,588.414358
7.385085,6.544266,6.063299,6.231503,6.516737,7.948075,7.124828,7.339197,6.027117,6.186732,607.540084
6.058079,6.080685,6.982480,7.891520,7.181266,6.684680,6.860803,7.380191,7.405289,6.283246,598.937936
6.750810,6.300416,6.285898,7.012494,7.711936,7.523322,6.164245,6.473025,6.333399,7.737836,522.482139
6.846990,7.718483,6.282102,6.910289,7.949987,6.798839,6.858364,7.074815,6.138036,6.885481,585.669557
7.261546,6.196115,6.966166,6.244026,6.087635,6.147432,6.928706,6.948437,7.527623,6.333996,599.141782
7.231683,6.278433,6.634412,7.517581,7.290927,6.346348,7.040903,7.455172,6.819373,7.374302,627.079739
7.193008,7.666363,7.092785,7.475111,6.576652,7.042772,6.273950,7.435016,6.117586,6.411986,569.720167
6.320497,7.379133,6.608100,7.286663,7.623159,6.695735,7.434095,6.551865,7.644173,6.961718,624.944469
6.885861,6.875856,7.240151,7.520274,6.393437,6.531078,7.866622,7.434340,7.986250,6.685995,697.424790
6.808642,7.179258,6.352359,7.901427,6.654368,6.929011,6.944199,6.928318,6.364027,7.061785,599.353069
7.340304,6.684524,6.440917,7.948404,7.971187,6.064076,6.644139,7.405282,6.615942,6.288312,602.656750
6.366999,7.501803,7.164168,7.607150,7.022077,7.557606,6.138228,6.888699,6.991946,6.124477,541.503602
7.574695,7.800588,7.303735,7.927053,7.702015,7.958104,6.856064,6.646213,6.886422,7.220091,611.841243
7.707998,6.226725,7.904615,6.148916,6.175130,7.875802,6.212992,6.819269,7.281083,6.828934,555.909765
7.107581,7.648083,6.330737,6.271750,7.255233,7.352814,7.829355,7.393460,6.241513,6.821301,665.062615
7.517937,7.816208,6.621889,6.821672,7.743261,6.323904,6.779776,6.599325,6.970117,7.666198,592.900300
7.819416,6.678115,7.892923,7.724031,6.827031,6.068053,7.599833,7.040023,6.887322,6.880917,673.933648
7.868957,7.994903,6.528999,6.199694,6.266653,7.784232,7.552508,6.096008,7.177692,7.794021,640.186193
6.917309,6.695629,7.610229,7.539198,7.517302,7.353490,7.863102,6.297077,7.952815,6.833219,667.726264
7.963275,7.772232,7.511334,7.856198,7.496263,6.338365,7.924250,7.096096,7.378388,6.811572,715.227705
7.977013,7.247345,6.806475,6.506012,7.447039,7.073128,6.290244,6.999547,7.169136,7.467936,577.561086
6.793568,6.086445,6.163565,6.403797,7.625643,7.680867,7.757287,7.488745,7.977944,7.710102,674.146989
6.321963,7.941219,7.482334,7.833297,7.797417,6.978597,6.171662,7.721668,6.074693,7.550050,561.933524
6.533240,6.051706,6.797395,7.339715,6.557718,6.244434,6.412842,6.847963,7.243981,7.581978,557.620346
6.315899,6.037549,7.668423,6.479464,6.441346,7.294066,6.160331,6.198633,6.782811,6.138276,504.106787
7.908735,7.104774,6.079495,7.391069,6.938071,7.876912,6.369666,7.109733,7.598580,6.444359,595.745317
6.659783,6.131820,6.496066,7.457178,7.471534,7.053784,7.701612,7.884377,7.901747,6.945593,687.899082
7.466355,6.217645,6.983141,7.134778,6.697110,7.424487,6.428844,6.857441,7.623120,7.211655,579.954316
6.995716,7.531855,6.316428,7.075211,6.922925,7.254499,6.952124,7.292591,6.364232,6.550704,604.121710
7.736950,7.024015,6.682523,6.233016,6.481193,6.154058,7.286800,6.182805,6.038435,7.188547,601.201184
7.128398,7.504790,7.406192,6.111540,6.639568,6.103302,7.536027,7.068412,6.960742,7.159147,642.527900
6.280067,7.956459,6.691002,6.596495,7.031670,7.613926,7.850994,7.983794,6.906517,6.215226,679.275094
6.534497,6.643468,7.239241,7.217021,6.876484,7.720435,7.371078,6.163283,7.903240,7.409513,615.773778
7.351830,7.031638,6.914303,6.758022,7.143178,7.553871,6.861324,6.679204,6.622283,7.822066,589.585186
7.838351,6.902349,7.778525,6.529353,7.498845,6.810195,6.143279,7.349839,6.793989,7.049797,569.305346
7.565065,7.328486,7.693264,6.804307,6.545507,6.569748,6.524741,7.916586,6.733031,6.427982,606.278996
7.326099,6.084861,7.459620,6.240402,6.842883,6.602797,7.794272,7.704207,7.282002,6.416555,681.985858
7.526273,7.120353,7.318905,7.304798,7.649706,6.817749,6.114994,7.792985,6.167588,6.908983,574.399929
6.842782,7.732653,6.237469,6.536046,6.536960,6.782976,7.105794,7.061701,6.699562,7.838825,607.321487
7.489683,6.025661,7.923686,6.949303,6.266063,6.766570,7.552100,6.060335,6.470777,6.834102,622.034361
6.476890,7.997050,7.954455,7.795794,7.301849,7.604161,6.613544,7.416842,7.397146,6.781132,599.543770
6.325825,6.239928,6.513785,6.563294,6.775974,7.050745,7.346270,7.881767,6.112446,6.045832,621.377766
7.720592,7.602129,6.071493,7.644279,6.551432,6.337555,6.410849,6.103532,6.397890,6.881626,559.727685
6.937634,6.874780,6.878676,6.892089,6.670575,6.180524,6.496250,7.284118,7.597367,7.893396,585.967077
6.065250,7.923191,6.133323,6.579035,6.486485,6.909297,7.629780,7.832755,6.791065,7.742227,654.537088
7.878587,6.511657,7.344356,7.950080,6.155936,7.895788,6.287635,6.566784,7.999320,6.685526,586.835229
7.448410,6.936955,7.560306,6.327086,7.829044,6.230881,6.507610,6.325294,7.514999,6.104977,562.468115
6.218689,7.580249,6.028168,6.352013,6.159284,6.514653,7.261310,7.789064,6.347408,6.052374,616.083976
7.531291,6.225995,6.564031,6.875647,6.176075,6.719967,6.771435,6.463711,7.286752,6.770755,585.474037
7.149236,6.735162,7.707710,6.709542,7.062248,7.536754,6.940423,7.569858,7.862047,6.455422,626.721961
7.674835,6.080737,6.035671,7.703003,6.432749,6.194955,6.217656,7.694059,7.984019,6.565065,602.066379
7.746434,7.515310,6.791060,6.310465,6.390956,6.967135,7.030432,7.162391,7.430846,6.317184,626.427237
7.933146,6.580083,7.052346,7.640856,7.289625,6.114593,7.177610,6.230048,7.684451,7.039657,632.475068
6.685470,7.359286,7.120393,6.721141,7.062289,7.553143,6.916096,7.279945,7.247202,6.900115,603.056719
7.845010,6.993636,6.415425,6.636070,7.304101,6.806381,7.603205,6.334534,7.968772,7.034051,658.056885
6.651718,7.901918,7.614134,7.704064,7.542774,6.903759,7.818657,6.720384,7.133807,7.503108,667.576666
7.760041,7.819276,6.862394,6.880434,6.540417,7.924683,6.433577,7.456513,7.204629,7.680779,601.693576
6.356628,7.049638,6.674415,6.772052,7.685708,7.978517,7.578434,7.288914,6.313050,7.547206,633.642450
6.322965,6.964768,7.449124,7.937099,6.668832,6.991899,6.840858,6.487489,7.712283,7.974664,590.763142
7.990597,7.472323,7.793940,6.852992,6.352758,6.334357,6.777675,6.786335,7.790870,7.982304,618.471729
6.467114,6.147498,7.031942,7.141530,6.919550,6.717650,7.120047,6.497984,6.006564,7.433097,578.133118
6.045190,6.329529,6.397865,7.494314,6.266628,7.066697,6.486212,7.107485,7.554186,6.198495,563.653427
7.082149,7.544783,7.670818,6.876090,6.397775,6.023576,7.210447,7.175450,6.809911,7.001317,626.544137
7.157754,7.277026,7.148815,6.189696,6.418556,6.068366,6.907346,7.538602,6.566350,6.913910,604.815147
6.971699,6.611539,7.243439,7.369564,6.105853,7.510066,6.436261,6.592065,6.617552,7.990447,557.143698
6.790560,7.699701,7.535230,6.461379,6.575790,7.933005,6.484955,7.786237,7.108455,7.294866,588.520895
6.787555,6.266209,6.571892,7.936370,6.455904,6.990448,6.004735,7.363250,6.529050,6.571085,547.863300
6.277160,7.500749,7.182624,7.520599,6.870313,7.288477,7.030665,7.306574,7.880543,7.648217,622.968311
7.297021,6.671103,7.347918,6.832251,7.132482,7.923708,6.765256,7.617437,7.709946,7.873712,620.633090
6.912303,6.497500,6.139920,7.484195,6.433870,6.595825,6.474643,6.438606,7.959075,7.003692,569.126467
7.009691,6.236235,6.504441,6.192315,7.756834,7.374755,7.480792,6.787500,6.681329,7.361335,620.377793
6.435717,7.978350,6.032438,7.783635,6.810601,7.164920,7.707343,7.575857,6.782356,7.417289,672.996833
7.449569,7.694659,7.914789,7.589489,7.178854,6.348659,6.185314,7.653497,6.787265,6.144389,585.423702
6.657189,7.796955,6.380624,7.161630,7.989270,6.137458,6.536385,7.470062,6.924957,7.217714,584.649800
6.831397,7.360674,7.196063,6.863835,7.144309,6.006664,6.028755,6.851651,7.582522,6.811111,542.652199
6.268940,7.032091,6.505770,6.183729,6.621580,7.684624,6.532388,6.806894,7.338121,7.319653,551.268971
6.951283,7.995310,7.116608,7.331907,7.156940,7.105878,7.469364,7.693325,6.575940,6.394322,659.529111
6.911039,7.407338,7.754996,6.107102,6.271173,6.899304,6.113767,6.299927,7.750956,7.696289,532.267974
7.111038,6.019896,6.728380,7.616808,6.203625,7.349960,7.301432,6.736013,6.156854,6.639552,614.743005
6.055665,7.108137,6.634862,7.172273,6.440043,7.791802,6.278151,7.909408,7.485127,6.854091,573.040149
6.303730,6.396166,6.261429,6.058726,6.503268,6.532602,6.958030,6.617035,6.832529,6.708986,564.239035
6.313324,7.943567,6.728882,7.041703,7.560375,6.932507,6.391663,6.861806,7.668520,6.548517,559.879921
7.501359,7.724185,7.656654,6.136221,6.896458,6.096697,7.928023,7.174609,6.006105,7.413151,673.488680
6.028701,6.309835,7.809317,6.290130,6.368560,6.312585,6.822732,7.326590,6.929620,7.655260,575.138912
6.035576,7.242944,7.598827,6.764458,6.284647,7.159202,7.696964,6.676310,6.021008,7.365484,618.193383
7.224826,7.522367,7.089669,6.881480,7.658588,7.986127,6.978177,7.586611,7.160737,6.984283,627.956670
6.999761,7.189437,7.294118,6.809078,7.479567,7.662678,7.121663,6.302299,6.989268,6.051283,593.761072
7.957559,7.024844,7.294227,7.556386,7.789302,7.578873,6.715588,7.486267,6.255183,6.736596,616.486102
6.851750,7.480009,6.258962,7.941419,6.361489,7.917550,7.927547,7.339667,7.504161,7.088283,700.150388
6.323950,6.503922,6.277720,7.618067,7.313000,7.757288,7.280745,6.434663,6.059587,6.270013,589.841515
6.485946,6.017146,7.294858,7.780172,7.573532,7.084160,7.359045,6.289120,6.570426,7.614228,604.946306
7.025716,7.422177,7.094237,7.284679,7.363596,7.455727,7.202229,7.291143,6.795394,6.706389,630.650078
6.379426,7.119343,7.210311,6.657146,6.737410,6.523311,6.414434,6.018155,6.957974,6.474021,525.450862
6.288168,7.443920,6.491167,7.583026,7.224092,6.064699,6.667186,6.583137,6.353820,7.237612,559.187515
6.197365,7.379536,6.659789,7.291603,6.664214,6.023385,6.747329,7.866443,7.314528,7.542723,606.687574
6.572832,7.693954,6.662066,7.783143,6.351100,7.399476,6.306454,6.765534,7.417631,7.264428,562.644550
7.239555,7.705800,6.708348,7.730722,7.288826,7.932440,7.795421,7.956012,6.515577,6.149241,699.566638
7.193624,6.712943,7.528776,7.853413,6.004545,6.192991,7.876798,6.751875,6.059433,7.191326,666.789744
6.294598,6.632266,6.885280,6.956664,6.415409,7.236380,6.356140,6.721863,6.001913,7.773771,529.470045
7.986292,7.241468,7.479571,6.694640,6.972190,6.768397,6.627079,6.767611,6.724409,7.142657,589.879683
6.916851,7.918033,7.855599,6.445627,7.771446,7.860145,6.638618,7.648245,6.612019,6.698052,590.883161
6.839571,6.906617,7.330317,7.724851,7.863281,7.745726,6.961230,6.219421,6.467589,6.963144,581.947306
7.993192,6.453881,6.204612,7.472763,7.148521,7.176801,6.241160,7.775600,7.944412,6.965570,611.770152
6.918257,6.861263,6.883603,6.773856,7.306891,6.655050,6.634001,7.945509,6.303294,7.246020,594.627282
6.643560,7.142865,6.152637,7.973877,6.867716,6.015918,7.719603,7.828946,6.235339,6.187193,675.032424
6.792090,6.228530,6.641074,6.996702,7.701294,7.789595,6.173503,7.942454,7.565195,6.117915,575.567763
6.908024,6.483452,6.979178,7.791627,7.257308,6.286069,6.446676,7.891309,6.231577,6.749971,588.877781
7.137329,6.875138,7.892836,7.289966,6.849015,6.760552,7.305884,6.568618,6.589498,7.541223,619.151019
6.755811,7.381588,7.769753,7.396885,6.378290,7.471047,7.186479,6.551794,7.413501,6.751674,614.298657
6.669709,6.321525,7.235126,7.648887,6.113152,6.492434,7.934956,6.559828,6.383743,6.166534,653.691897
7.309799,7.521072,7.041671,7.202635,6.811038,7.890686,7.963187,6.116922,6.459304,6.552685,658.807616
7.658145,7.215115,7.934273,7.427898,6.611999,6.312564,6.898945,7.798478,6.864357,6.312446,638.021907
6.550153,7.534066,6.633970,7.785278,7.182953,6.747122,6.277712,7.117910,7.306950,6.661455,566.460743
7.284443,6.616749,6.182527,6.326115,7.819384,6.993565,6.216801,7.782571,7.110487,6.676105,572.931090
6.335256,6.768632,7.891219,6.269529,6.196530,6.503218,6.582093,7.095475,6.301697,7.446450,552.051842
7.407920,6.851849,6.980516,6.041891,6.637128,6.163469,6.789013,6.914840,7.281379,6.095963,588.741491
7.576295,6.565822,6.712712,7.758822,6.891937,6.532096,6.752387,7.108737,6.314666,7.862874,603.636241
7.784842,6.649922,6.631506,7.676061,6.919451,6.828035,6.179279,7.501544,7.923510,6.480976,598.165537
6.947994,7.331430,7.332825,7.928509,7.373321,7.969953,6.091978,6.162334,6.884793,7.373357,536.076019
6.258297,6.461088,7.939179,6.971009,6.219910,6.831116,7.503105,6.972297,7.939853,7.817772,639.423248
6.835170,7.724695,6.467694,7.466676,7.400755,7.387145,6.294711,7.580034,6.888689,6.218221,576.504899
6.061010,7.836682,7.549652,7.393835,7.765191,6.922973,7.363788,7.857170,7.085307,6.248580,645.843708
7.230527,7.343604,6.709668,7.169706,6.314614,6.929578,6.000821,7.817719,7.901875,7.940674,584.506848
7.635491,6.737045,7.665369,6.103185,6.203721,7.066124,7.490330,6.498432,6.646158,6.379018,626.281620
6.716654,6.707169,6.215701,6.266305,6.101004,7.980892,7.189278,7.464791,7.838062,6.274585,626.027052
7.713372,7.068589,7.618189,6.423040,6.238294,7.932803,7.352618,6.239115,7.750523,7.254493,631.199333
6.179790,7.386014,7.991539,7.845158,7.489198,6.195260,6.911282,6.979528,6.693692,7.557441,593.216022
7.358546,7.410345,6.264609,7.574247,7.676651,6.365613,7.555139,6.865928,7.830405,7.393201,668.789092
7.140514,7.543776,6.461790,6.758703,7.966817,6.700084,6.691506,7.319435,6.939199,6.442029,593.567310
6.573928,7.118989,7.828043,6.565467,6.964147,7.317241,6.760727,7.875429,6.296769,7.454418,594.511038
7.432870,7.655315,6.864764,7.697479,7.229562,6.541414,6.063092,6.784701,7.407343,7.893496,565.305989
6.177902,6.547856,7.437273,6.639692,7.306559,7.404090,7.339776,7.998066,6.723525,6.278975,632.350379
6.440095,7.297453,7.397964,6.268137,7.862920,6.362111,7.585378,6.623646,6.237540,7.882147,614.466067
6.078065,7.670410,7.537462,6.942829,7.367889,6.767025,7.484243,7.430981,7.551726,6.891586,644.456536
7.324477,7.729628,7.439443,6.761750,6.369320,6.746002,6.165840,7.709096,6.744068,6.889364,574.604682
7.988071,7.184163,6.186817,7.386035,7.452300,6.049737,7.748146,7.037678,6.673384,7.985686,684.740156
6.919826,6.751449,7.656096,6.457288,7.694277,7.023985,7.224312,7.178521,6.454965,6.776038,612.013546
6.070107,7.779442,6.505666,7.509549,6.541193,6.874986,6.255552,6.707032,6.584082,6.999620,534.540696
7.596397,6.572153,6.183782,7.783214,7.958188,7.636082,7.832951,7.706334,6.673761,6.506335,700.822057
7.692020,7.593586,7.257783,7.348116,6.050874,6.952061,6.372101,7.275187,6.130581,6.827066,581.136798
6.051225,6.200688,6.606508,6.556891,7.710238,7.147701,7.431878,7.965789,7.854733,6.015960,646.403731
6.965409,7.451130,6.588113,7.149191,7.234344,6.546301,6.785273,7.067295,6.252636,7.459034,587.200971
7.573630,7.944656,7.052621,6.831413,7.292772,7.103495,7.783474,7.664873,6.378681,7.914055,690.081359
6.491939,6.429906,6.114743,7.098447,6.986798,7.824981,6.246148,6.418676,7.790770,6.100881,537.316393
6.434636,6.756179,7.552011,7.022749,7.905370,6.786355,7.569051,6.690643,7.853650,7.821687,640.641577
6.149678,7.427280,7.766342,7.202298,6.258693,7.059114,6.305793,6.042167,6.723987,6.684474,520.045932
7.956222,7.215925,7.114380,6.070966,6.314372,6.101178,7.895946,6.560520,6.519854,7.686717,667.898482
6.661402,6.954490,6.442895,6.213413,7.977239,6.348265,6.999768,7.546290,7.038909,6.853418,605.607313
7.367977,7.188586,6.280698,7.134319,6.390884,6.539391,6.193433,6.696677,6.581558,6.917420,548.546836
7.381151,6.537780,6.133346,6.495531,6.608746,6.447718,6.596710,6.504692,7.008238,7.116564,565.791262
6.191409,7.669640,6.071054,6.634304,7.883053,6.048293,6.982570,6.882821,7.594584,6.021478,589.537230
7.736239,6.962561,7.210064,6.016937,6.096880,7.600949,6.556329,6.290313,6.297626,7.137887,554.473896
7.207733,7.678776,7.675667,7.341079,6.174308,6.284413,7.788797,6.771017,6.789105,6.797035,666.770171
7.887581,6.980514,6.466675,7.958634,7.614818,6.349728,6.006928,6.597388,7.232550,7.601511,563.812698
6.618866,6.968789,6.564072,7.828931,6.985726,6.660951,7.429880,7.542055,6.951265,7.727505,654.270444
6.679941,6.158998,7.406282,6.355608,7.500077,7.580589,6.640021,7.288874,6.351607,7.429126,566.230147
6.085909,6.239187,6.409640,6.552585,6.197822,6.024459,6.902313,6.204750,6.621847,6.134863,546.726596
7.806261,7.240713,7.103652,6.370332,7.069644,6.089378,7.031284,6.499524,7.631433,7.982548,616.098193
6.227029,6.311374,6.141547,7.633310,6.666983,7.641624,7.213900,7.307004,6.930498,7.565506,618.538653
6.736130,7.016408,7.804694,7.145771,7.568992,6.002516,7.170229,6.471306,6.207265,7.792076,593.651954
6.606169,6.013526,7.032789,7.709821,6.383858,6.102434,7.799199,7.415142,6.601957,7.430632,668.958291
7.397691,6.828986,7.742006,7.539237,6.462297,6.408989,7.180861,7.676196,7.715993,6.111359,658.820656
7.241703,6.452123,7.127767,7.046396,7.597894,6.696759,7.048912,6.768123,7.168065,7.256177,609.326074
6.560199,7.774233,7.269703,7.592988,7.484054,7.653561,7.695422,7.283253,7.068703,6.297379,665.799625
6.713885,6.466394,7.126366,6.455891,6.005631,7.588662,6.864880,7.186492,7.264858,6.580873,590.803739
7.297851,6.506561,7.032996,6.425618,7.552957,6.630890,7.122377,6.601869,7.399013,6.290442,605.903831
7.858046,7.959212,6.064675,7.127749,7.552201,7.548729,6.781311,7.247623,6.831982,7.850014,619.179625
7.545002,7.545867,6.316408,6.671367,6.001758,6.322039,6.260030,6.866638,7.508531,7.524888,569.922486
7.447511,6.806382,6.031449,6.480507,7.232000,7.584406,7.111397,6.354377,6.186275,6.510410,588.198431
6.644818,6.044322,6.469622,6.709493,7.172071,6.021823,6.258223,7.953381,7.269445,7.090205,572.538414
7.803395,6.814447,6.636071,6.119803,7.485815,6.637829,6.441842,7.745845,7.504467,7.950373,603.501566
7.270733,6.951977,6.756756,7.302182,7.432484,7.988756,6.886588,6.543881,6.343133,7.072863,586.822546
7.054291,6.987951,7.117185,7.523914,7.697444,6.289256,7.545737,7.955667,6.242637,6.815182,669.771762
7.045872,6.046033,7.629629,7.681943,6.165836,7.115444,6.319772,6.607678,6.861289,7.824239,556.042999
6.558051,6.132021,6.776216,7.314807,7.434203,6.208701,7.303562,6.320791,6.752582,7.646695,599.825332
7.393654,7.806874,6.634646,6.510839,7.330787,6.332091,6.800095,6.876524,6.287758,7.042733,586.005261
7.691706,7.333629,7.088766,7.321336,7.015572,7.254602,6.436780,7.335345,7.862280,7.298069,607.792649
7.159584,6.420331,7.430090,7.935800,7.735138,6.864293,6.144501,7.038700,7.185084,6.897083,565.145768
6.685395,6.578738,6.703957,7.320041,7.089577,6.034744,7.652132,7.889673,6.911268,7.939890,674.727898
6.932405,6.602975,7.273519,6.021171,7.924310,6.289091,7.275772,6.361090,7.624436,7.138052,604.749251
7.659159,6.784020,7.558383,7.089249,6.719819,7.293521,7.953542,6.864320,6.332221,7.138626,679.943527
7.761403,7.017617,7.717364,6.465360,6.337658,6.806941,6.500105,7.989790,6.696614,7.411373,607.633972
7.929680,7.629019,6.014348,7.203199,7.650190,7.938658,7.492290,6.925962,6.299748,7.116726,654.291210
6.064014,7.958906,7.900746,7.622397,7.048155,6.620565,6.915918,7.001697,7.484886,7.248139,600.748919
6.140323,7.246289,6.265756,7.857687,7.711649,6.603414,6.664628,6.211754,6.593204,7.361242,552.426092
7.623127,6.522884,6.990262,7.637475,7.726083,6.640452,7.576133,7.218373,7.566414,7.875880,680.751012
6.335100,7.630428,7.834786,6.235845,7.252826,6.882941,6.856411,6.168744,7.884638,6.341296,567.324971
7.416883,6.024960,7.587585,7.682639,7.882647,7.299235,6.286053,6.547275,7.510989,6.879258,565.953887
7.908518,7.134116,7.402142,6.898779,6.771591,7.128225,7.539231,6.347723,6.346598,7.105645,639.168295
6.223603,6.681698,6.736073,6.058389,6.917543,7.988899,6.941330,7.773954,6.157643,6.825968,586.483474
6.115250,7.574526,6.850929,7.702836,7.257165,6.733576,7.002070,7.543219,7.280851,6.513059,616.781064
6.422476,7.189369,7.647174,7.824618,6.088148,6.418765,6.952843,7.627379,6.766488,7.299441,617.378926
6.733024,6.990091,7.981139,7.469097,7.048480,6.898682,7.457996,7.989811,6.672636,7.615639,664.936559
6.815779,6.787887,7.190165,7.666708,6.490722,6.447330,6.400283,7.492793,7.990549,7.681135,596.439884
6.005851,6.413026,6.870503,7.653026,6.237644,6.958652,6.071791,7.190487,6.586031,6.838279,531.069040
6.489928,7.319055,7.828370,6.471067,6.788152,6.876850,7.369750,6.246148,6.866661,6.042386,596.418160
7.861787,7.682440,6.830273,7.051953,7.349148,7.320996,7.499283,7.749431,6.813788,7.489832,682.363380
7.430566,6.819639,7.902858,6.301069,6.472665,6.140502,7.259721,6.544456,7.330989,7.845752,620.148831
7.382735,7.820917,7.164807,7.211105,6.291984,7.952959,6.087955,7.661734,6.199107,6.954617,568.161761
7.704120,6.060895,6.637057,6.534394,7.112847,7.986205,7.855389,6.612131,7.735636,6.669177,673.348355
6.101963,7.166202,7.488817,6.004821,7.467272,7.961482,6.145323,6.726993,6.505938,7.476311,511.360737
6.572745,7.888673,7.297228,7.737552,7.099778,7.589213,7.690511,7.187733,7.250947,7.889618,670.730160
6.142350,6.955067,7.950513,6.779407,7.489461,7.063360,6.765612,7.344850,7.675491,6.501248,588.626761
6.014027,7.777454,7.667450,7.502844,7.782274,7.134722,7.464326,7.927597,7.861715,7.970264,668.799620
7.403908,6.434460,7.858937,6.701137,6.172012,6.958715,6.290349,7.862522,6.146448,7.541296,576.962924
7.752140,6.288798,6.496363,7.702653,7.068204,7.985824,6.766014,7.833816,7.330674,6.441504,636.052500
6.335064,7.344702,6.218958,6.002514,6.847546,6.001233,7.137237,6.311872,7.928830,6.998952,587.324023
6.282136,7.332738,7.433412,6.141074,6.033874,7.605424,7.099789,6.324224,7.467946,7.246237,581.139081
7.865520,7.220087,7.535034,6.361883,6.922740,6.603239,6.347707,7.688753,6.437055,7.678381,588.315708
6.130258,6.772119,7.023083,6.349216,6.774633,7.870629,6.350448,7.911870,6.182501,6.279278,552.150529
6.910822,6.464637,7.612016,6.344234,6.605711,7.645890,7.949658,7.705499,7.970114,7.417604,699.315178
6.951736,7.835634,6.637690,6.486770,6.197517,7.560430,7.090009,6.545224,7.249183,7.527064,601.402189
6.223605,7.379441,6.299183,7.246688,7.728657,7.073816,7.117317,6.079105,6.985686,7.299817,580.078741
6.358383,7.896507,7.764454,7.970399,6.240741,6.370165,7.616290,6.190399,6.075664,7.586404,623.612327
7.608002,7.027400,7.422037,6.245693,7.514171,7.619554,7.806123,6.604180,6.164778,7.055306,650.348092
6.131244,6.388383,6.434747,6.430426,7.635071,6.163403,7.504242,6.752387,6.242509,6.489927,600.152030
6.052205,6.600892,6.386435,7.816659,6.571291,6.627176,6.186824,6.187580,6.817574,6.262488,517.101472
7.773984,6.425577,7.289888,7.196021,6.671270,6.804059,6.815576,6.477392,7.408238,6.980353,600.833193
7.532698,7.539482,7.368736,7.967445,7.969908,7.003807,6.130849,7.474150,7.756195,6.373357,594.685096
7.964077,7.808399,6.974249,6.350512,7.625058,7.545540,6.977687,7.811882,7.733120,7.795262,653.915585
6.074370,7.507104,6.220839,7.364258,6.703125,6.892108,6.168317,7.518701,7.369501,7.576555,558.808152
6.499054,6.902199,7.116037,7.867791,6.869644,7.085945,6.871598,7.000493,6.560094,6.627793,591.024582
7.373850,6.524171,6.436192,6.348099,6.874683,6.061251,7.893639,7.852370,7.873133,7.626759,706.642261
7.647632,7.947503,7.133863,7.868470,7.311761,7.836989,6.760578,7.480078,7.355690,6.130079,632.494245
7.056633,7.854744,7.032278,6.172669,7.722535,7.901922,7.258614,6.594133,6.902415,7.818708,610.429163
7.221926,6.276266,6.342879,7.658118,6.624365,7.217562,7.719369,6.518004,7.069932,7.592502,657.001294
6.144763,6.717563,7.540005,7.278626,6.586033,6.851766,7.115615,7.346612,6.331844,6.471304,600.423763
7.476691,7.388476,6.326048,6.508969,7.561146,6.048583,6.410891,6.819760,6.642716,7.313306,563.363424
6.638468,7.864642,7.589572,6.981347,7.522761,6.213937,6.198909,7.242130,6.731941,7.268841,553.745706
6.834632,6.876704,7.986404,6.374637,6.155330,6.572438,7.226403,7.270945,7.919049,7.558247,632.797115
7.742249,7.395740,6.946724,6.068298,7.904709,6.507869,6.116881,6.315600,7.327629,6.759597,541.288081
7.628906,7.966097,6.624240,7.218478,6.947444,6.147000,7.432415,7.146353,7.389131,6.164356,663.088704
6.415193,6.223763,7.041060,6.401598,6.598400,7.196391,6.974035,7.824803,6.467336,6.893085,599.589535
7.383050,6.209585,6.288825,6.329774,6.277883,6.193534,6.837643,6.394763,6.509133,6.165272,568.386519
7.154361,6.138039,6.131369,7.778600,7.356518,7.078813,7.925601,6.788933,6.225165,7.314731,668.479568
6.953289,6.640359,7.538494,7.994349,7.041956,6.136894,7.190740,6.015991,7.961697,7.658076,617.949482
6.909076,7.344748,7.867661,7.197901,7.674522,6.145543,7.391434,6.512165,6.540307,7.900568,620.409318
6.677438,7.694667,6.038607,6.808807,7.473268,7.395124,7.887620,7.398868,6.184057,6.112785,664.636066
6.713600,7.137346,6.753144,6.252094,7.131696,7.795100,6.388987,6.322436,7.811091,6.350685,543.564760
7.980512,6.720167,7.695432,7.848172,7.918068,7.369954,7.993716,7.309502,7.882119,6.534022,728.554497
7.210070,6.559557,6.228689,7.248677,7.368363,7.701957,6.643801,7.255983,7.100825,6.827858,594.012820
7.368768,7.814425,7.965205,6.121912,6.066518,7.096900,7.917012,6.455506,7.419336,7.728103,669.701072
6.806190,7.399848,6.448270,6.501623,7.248020,6.366338,7.871576,7.241736,7.675840,7.753695,679.311549
7.775758,6.885910,6.313252,6.004447,6.134587,7.681615,7.706404,6.778388,6.937598,6.807229,655.523974
7.606247,6.306366,6.621654,7.571451,6.428278,6.688172,6.668352,6.345290,7.143678,6.087688,582.200997
6.073392,7.949868,7.487536,6.521662,6.451491,6.735556,6.888001,6.323067,7.977292,6.563841,573.838018
6.076763,7.753049,7.449751,6.390015,7.757497,7.584338,6.071630,7.463901,6.362726,7.009229,529.570884
6.271130,7.968973,7.315595,6.892784,7.540424,7.743873,7.580956,6.208775,6.089163,6.724634,605.566021
6.296463,6.162555,6.674503,7.783999,6.684218,7.125994,6.519555,7.572218,7.449061,6.496846,585.579143
6.136059,7.525824,6.249896,7.585810,7.915839,6.007393,7.170148,7.987469,7.471293,7.532874,644.001595
6.996698,7.742423,7.501847,6.312293,6.635207,7.042271,6.056167,6.216163,7.251046,6.145329,522.133464
6.940798,7.547509,6.307885,7.615301,7.331508,6.992102,6.741295,7.851063,6.564321,6.190356,612.214470
6.347910,6.700380,7.716180,6.597806,6.286190,7.632019,6.605198,7.456338,7.619488,6.076491,580.115500
6.989212,6.616187,7.818915,6.491059,6.928480,6.454122,7.533330,6.984646,6.670285,6.784376,633.617742
7.129976,7.611083,6.331886,7.437861,7.226384,7.663394,6.429963,7.967678,7.514457,6.994284,610.452473
6.158034,7.862367,7.694664,7.874214,6.460172,7.980854,7.506233,7.065371,7.437192,7.125722,648.335701
7.141862,6.426405,7.741908,6.960777,6.917464,6.670388,7.414898,6.450794,7.655035,6.085183,629.030466
7.235170,6.785011,7.696266,7.567056,6.222872,6.922650,7.230450,6.652835,6.890328,6.744907,622.535400
7.647119,7.048362,6.607274,7.341782,6.922577,7.067447,7.322636,6.428810,6.132817,6.759828,620.129555
7.554532,7.274679,7.186233,7.296440,6.235456,6.103697,7.966829,7.650354,6.554491,7.621864,707.835405
7.735537,7.789661,6.406874,7.431804,7.356717,6.629746,6.354453,6.587168,7.282581,7.244781,578.676570
7.332075,6.929699,6.293144,7.939349,6.271482,7.215720,7.006796,7.594118,7.644530,7.139613,647.724325
6.353946,7.199062,6.414292,7.540179,6.495502,6.649748,7.643875,6.462331,6.300102,6.198366,622.965531
6.084195,6.035640,7.988027,6.491069,7.467443,7.344744,7.120815,7.821897,7.931912,6.403395,622.030260
7.066678,7.263987,7.333094,7.359822,7.203336,7.604576,6.575542,6.210132,7.198694,6.220072,564.802725
7.349745,7.552640,7.419134,7.764038,7.092818,7.914637,6.413786,6.736694,6.376968,6.713888,570.090285
6.935059,6.461162,6.749527,6.923087,6.952231,6.216971,6.267831,6.073046,6.038867,6.199743,516.190268
6.476441,7.105546,7.463730,7.809535,6.465367,6.667066,7.414111,7.040909,6.877198,6.612805,634.744416
7.260982,6.226943,6.165445,6.680116,7.990980,7.258263,6.594752,6.404766,7.994957,6.971720,573.538971
7.118654,6.930016,7.432882,7.868181,7.853103,6.385113,6.085152,6.120934,6.458159,6.124019,528.066710
6.320676,6.934600,7.229565,7.784406,6.744135,7.694932,6.451472,6.158247,6.735842,7.328669,541.032705
6.771052,7.996823,7.555612,6.936497,6.676939,7.546593,6.194760,7.271691,7.951359,6.189717,569.982705
6.243411,7.070013,7.119733,7.676293,6.938194,6.972836,6.061406,7.023346,7.093769,6.519565,539.140181
7.147365,7.414445,7.454165,6.376930,7.198851,6.198300,6.071863,7.650323,6.356547,6.807705,553.474663
6.978992,7.127599,6.804528,6.534605,6.064096,7.481467,6.081197,6.258856,6.753158,6.032556,517.025085
6.448573,6.996569,7.102569,7.568306,6.672863,6.040763,6.541141,6.734269,7.064109,7.634910,565.937912
7.253834,6.211474,7.049356,6.707999,6.588405,6.248207,6.906299,6.660268,7.898530,7.262846,601.360911
7.467972,6.877523,6.390445,6.272500,7.412127,6.454541,7.753967,7.493324,6.713397,6.507125,671.351047
7.525880,7.161970,7.503695,6.628449,6.730275,6.176557,6.669212,7.271417,6.910826,7.733320,598.957757
6.906327,6.164660,7.944794,7.955683,6.872659,6.533199,6.203890,7.778958,7.193467,6.102420,582.484456
7.041803,6.661439,6.979943,7.432248,6.933939,6.392070,7.886789,6.687906,7.885395,6.600186,678.569120
7.195031,7.411275,7.762156,6.698726,6.039724,6.492431,6.875283,6.708936,7.763848,7.786110,604.039845
6.442256,6.670175,7.950770,6.387050,6.625857,6.823428,6.920250,6.829747,6.602386,6.113716,571.724138
6.932168,7.644189,6.775155,7.912111,7.076438,7.709094,6.304181,6.963227,6.396999,6.189575,561.391854
7.563413,7.592030,7.600850,7.325569,6.290756,7.640574,7.818000,7.166040,6.349510,7.581847,682.339641
6.952149,6.791766,6.252022,6.902919,7.178817,6.877879,7.726347,6.099066,7.707627,6.328733,640.671506
6.212782,6.639794,7.972922,6.987937,6.551905,7.049360,6.697031,6.856085,6.012587,7.094030,553.899891
7.045661,7.576000,6.686060,6.646511,6.901568,6.976817,6.287085,6.719568,6.142856,6.636595,539.296027
6.301415,7.095005,7.428361,6.553437,7.997924,6.607178,7.431316,7.724271,6.706244,7.138943,636.331794
6.053004,6.919026,7.778737,6.025927,7.906963,6.330642,7.075287,6.603994,7.186727,7.087873,575.897912
7.698024,6.232388,6.663873,6.384084,6.878899,7.565441,7.360901,7.165984,6.285009,7.503757,633.001932
7.802579,6.586425,6.598762,7.230940,7.139862,6.596686,7.838118,6.571178,6.320958,6.544361,664.768284
7.710121,6.373962,7.463387,7.488859,6.399889,7.370350,7.819501,7.475175,7.974344,7.006228,709.905327
6.563049,7.672367,7.238616,7.226922,6.056451,6.117514,6.792363,7.417352,7.283498,7.077373,603.696077
6.921109,7.086077,7.663797,7.519871,6.317017,6.803659,6.116557,6.155135,7.374837,6.437515,535.552169
6.699496,7.084959,6.811477,6.162883,6.573817,7.211366,7.533234,6.393318,6.686541,7.507578,611.951713
7.399546,7.249590,7.179945,6.638162,6.476512,7.236396,6.755676,7.268875,6.653748,6.039174,595.678736
6.346248,7.574857,7.125251,6.010045,7.094728,7.442268,6.813704,7.211285,7.597403,6.188541,584.362979
7.648800,6.296899,7.273500,6.460277,6.459782,7.847317,7.671643,7.993016,6.240635,6.358184,677.356900
7.500593,7.640181,7.607774,6.680538,6.278343,6.084286,7.916935,7.034019,7.353162,6.570683,688.791531
7.073193,7.699409,6.145540,6.198444,7.709454,7.240267,7.640713,6.523158,6.451552,7.238115,629.462737
6.711700,6.100352,7.535014,7.985200,6.560629,7.994796,7.832517,6.232273,7.987811,6.073152,661.552322
6.590457,7.488405,7.713333,6.198231,6.168943,7.991676,6.282518,6.085878,7.025695,7.635679,523.229127
6.656560,6.098888,7.335089,6.802100,6.297332,7.044543,6.042368,7.938045,7.567701,6.493920,563.655844
7.176160,6.279401,6.594272,6.711174,6.264600,7.154902,6.705970,6.097117,7.387174,6.693781,564.410440
6.170269,7.977631,6.182186,7.883603,6.175862,6.351129,7.875278,6.458380,6.437006,6.900973,647.462116
6.094060,7.093567,6.999861,7.429148,7.895667,7.297193,6.473691,7.938034,7.235238,6.041393,585.519254
6.431954,6.411397,6.320794,7.026226,7.122571,6.585394,6.181128,7.828541,6.682511,7.568303,558.456488
6.522322,6.852780,7.545934,6.704508,6.736383,7.721796,7.055636,6.611661,6.180176,7.492642,578.301181
7.512634,6.274236,6.586209,6.512495,7.703384,6.481876,7.809688,6.177076,6.419910,7.044926,639.943008
6.218469,6.851864,7.456323,6.539262,7.878090,6.578894,7.124656,6.059219,6.407435,7.807167,565.338162
7.627521,6.929757,6.659948,7.173455,7.634264,7.396331,6.895251,6.689900,6.007992,7.075427,592.765160
6.182543,7.520626,7.349663,6.768751,6.033121,7.053048,7.250627,7.842809,7.230124,7.670537,635.670460
6.887735,7.448592,6.522401,6.344058,7.987854,6.400491,6.922952,7.112510,6.459710,7.330387,589.973763
6.919677,6.087231,6.260143,7.579625,7.260686,7.894407,6.975956,6.155936,6.584308,6.983947,578.418426
7.231364,6.766850,6.504574,6.581027,7.535602,6.537695,7.634074,6.786229,6.380504,6.864198,637.723433
6.456765,7.268239,6.312790,6.979166,7.612297,6.300645,7.379657,6.535249,7.413155,7.839367,617.758360
7.865636,6.332832,7.926598,6.125779,7.912457,7.187283,6.020186,6.888413,7.343220,6.604494,549.770524
7.872360,6.574583,7.371344,6.376934,7.155610,6.906946,6.914629,6.789684,7.693174,7.295134,613.851720
7.653882,6.149940,6.563373,7.966673,7.129106,6.175670,6.267317,6.508763,6.710919,7.680472,563.244705
6.348130,6.576555,6.013304,6.274728,6.702334,7.925762,7.462011,6.722520,6.814175,6.805231,606.666864
7.327014,6.686535,7.379814,6.698358,7.063469,6.535424,7.605304,7.978098,7.325108,7.298478,684.610582
7.273232,6.978991,7.448418,7.836605,6.945663,6.577524,6.012275,7.212980,7.086288,6.723195,563.545518
6.893452,7.434418,7.299750,6.906757,7.709146,6.002083,6.832519,7.171158,6.724603,7.646693,595.905899
7.976389,6.051617,6.333229,7.356203,6.749975,7.396698,7.891627,6.355279,7.374796,7.216735,680.602042
7.653757,6.648028,6.195726,7.102175,6.484634,7.141389,7.679699,6.496909,6.354369,6.765987,646.746735
7.220104,7.247822,6.200405,6.519853,6.154579,7.909552,6.521937,6.987097,7.080709,7.246540,574.421396
6.633791,7.057098,7.298157,6.967019,6.413301,6.048132,6.363717,6.304927,6.403411,7.738513,532.907082
7.521662,6.057168,6.386542,7.717388,7.159343,6.871175,6.858777,6.839043,7.368084,7.213147,611.465879
7.605030,6.588188,6.460968,7.805435,7.108042,6.615547,7.714987,7.629978,7.602644,6.795696,702.415628
6.876518,6.236435,7.852794,6.174676,7.203454,6.266094,6.222808,7.567171,6.571022,6.626219,550.969603
7.305684,6.092684,6.683388,7.692226,7.810072,7.842731,6.563401,6.668850,6.681773,7.931486,575.885745
7.881996,6.286803,6.519674,6.342965,6.092238,7.627716,6.958512,7.807225,7.257694,6.561156,635.637100
6.602921,6.134212,6.797591,6.455714,6.308888,6.001045,6.721809,6.531696,7.568216,7.292830,565.378542
7.157916,6.873900,7.385514,7.841303,6.566126,7.195587,7.684034,7.129528,7.864436,6.365807,682.085016
7.061013,7.746433,6.652610,7.580687,6.089398,6.744849,7.208403,7.047909,6.552073,6.466097,626.051477
7.609065,7.154994,6.600309,6.406656,7.610708,6.909197,6.407701,6.332517,7.440893,7.975917,563.026723
7.625347,6.598809,6.849817,7.010861,6.440112,7.415944,6.206448,6.124146,6.545471,6.070885,535.056133
6.489954,7.606485,7.817317,7.142564,7.187172,7.906715,7.887413,6.395575,6.954624,6.439486,649.801832
6.861672,6.563690,7.594480,7.461981,6.970346,7.205188,6.371179,7.378047,7.537705,7.812072,583.940620
7.353964,7.163052,6.410881,6.203782,6.173913,6.850993,7.619725,6.380361,6.975140,6.165196,632.381208
6.451246,7.465093,7.771681,6.268563,6.607658,6.958853,6.175278,6.495070,7.354429,7.129903,527.707419
6.934556,6.216101,7.693593,6.529036,7.678082,6.663939,7.734224,6.049261,6.041986,7.271929,616.263423
7.861333,7.395950,6.434981,6.272214,7.599732,6.608894,7.123207,7.219457,6.989255,6.098347,629.781751
7.384653,7.440501,7.563440,7.156334,7.709064,6.171098,6.115187,7.884342,6.666168,7.469616,581.191749
7.014245,7.600724,7.685717,6.707837,6.129761,7.363799,7.371776,7.863985,7.413060,7.413762,662.947694
7.135915,7.274392,6.809712,7.570895,7.546606,6.409443,6.179789,6.669813,7.628900,7.169044,561.718717
6.768159,7.013553,6.609545,6.331599,6.169887,6.318609,6.502697,6.285074,6.202951,7.168865,532.889328
7.754691,7.217196,6.769589,7.440407,7.925033,6.899350,6.804206,7.296809,6.763336,6.217266,617.052925
6.710571,7.899250,7.491658,7.520282,7.470146,7.038264,7.929726,7.649935,7.708076,7.558625,707.605400
6.818979,6.476236,6.572178,7.428524,6.807835,6.742065,7.747133,7.310532,7.027139,7.950084,670.519194
6.479397,6.781830,7.167279,7.248986,6.222237,7.092313,6.148337,7.026444,6.389122,6.911673,535.046706
7.243710,7.099692,6.810923,6.735368,6.619975,6.281069,7.773631,6.549701,7.931003,7.481708,666.443078
6.108326,6.749983,7.957943,6.680504,6.178506,6.765778,7.422569,7.925639,6.076310,6.449709,629.279224
7.875723,6.555707,7.231539,7.043002,7.804694,7.453776,6.135314,7.953030,6.480220,6.524436,585.283892
6.864703,7.723930,7.624129,7.675626,6.459297,6.244103,7.956694,6.232929,6.793804,7.887698,665.869210
7.714636,6.902130,6.637680,7.672580,7.582634,6.816187,6.438358,7.005204,6.741826,6.514668,585.791859
7.454913,6.617549,7.070375,6.686451,7.660550,6.875069,6.140227,7.795865,6.828099,6.620447,573.027062
6.320301,7.692802,6.344377,7.944430,7.368428,6.803674,6.188533,7.325123,7.036603,6.982337,561.713244
7.212821,6.751239,7.884467,7.850501,6.423819,7.467101,6.666688,6.862177,6.472305,7.408514,587.965371
7.376845,7.927217,6.026062,6.447220,6.613669,7.686613,7.322288,6.753896,7.482478,6.150388,631.543855
7.374344,7.802779,7.843190,7.718721,7.747208,7.211618,6.522395,7.935741,6.536741,7.558998,615.038653
6.918078,7.749561,6.310237,6.802545,7.600062,6.734056,6.269646,6.266750,7.596232,6.741951,544.395222
7.675264,6.973077,6.669169,7.701327,7.420297,7.282838,7.387939,6.742585,6.036734,6.870417,636.521940
6.892973,7.411078,6.673196,6.736162,7.129798,6.420404,7.947781,7.652193,6.356145,6.484521,682.232967
7.211191,7.274223,6.234082,7.521428,6.076768,7.834145,6.255484,6.346415,6.100895,7.851717,541.125546
7.088366,7.776159,6.824793,7.757535,7.477486,6.245090,7.040372,6.865425,6.987675,7.077106,618.782256
7.735842,7.880648,6.488184,6.409038,6.616810,7.617982,6.829442,6.564591,7.270175,7.185587,598.515069
7.049112,6.481366,6.459810,7.283194,6.002795,6.536578,7.117339,6.258279,6.882993,7.218234,595.925137
6.109995,7.971359,6.994393,6.934789,7.728894,6.471878,7.179879,6.769266,7.337303,6.167554,601.438734
7.846372,7.073145,6.048201,6.334556,7.482183,6.665011,7.952538,6.311624,7.229602,7.222713,672.622616
7.497211,6.278714,7.704079,7.957021,7.561908,7.706874,6.493599,6.679246,7.965153,7.376592,595.406259
7.897480,6.075148,7.347951,6.891872,7.009937,7.076845,7.363751,6.189816,7.846111,6.701054,635.454518
6.357369,7.692483,7.774198,6.405571,6.027038,7.256381,7.070582,7.979576,7.568005,6.300184,628.866646
7.202288,7.065216,6.578897,6.906367,7.022237,6.140805,6.613241,7.515837,6.820051,6.578394,593.605096
6.892429,6.717531,6.653542,6.240380,7.609404,7.663478,7.317225,6.973154,7.853294,7.163336,627.602373
7.674208,6.210663,6.855818,7.448406,6.616234,6.882856,6.704787,7.686816,6.862432,6.272792,617.013615
7.987000,6.064720,7.338009,6.565898,6.971088,6.360246,6.706703,7.584329,7.876083,7.526754,626.251362
6.162723,6.768512,6.244285,6.816264,7.008892,7.853689,6.479742,6.326117,6.826843,6.333036,530.487403
7.489453,6.501051,6.543700,6.345271,7.949457,7.159934,7.228127,6.654244,6.846750,6.090559,610.146977
6.927036,6.833750,6.155280,6.265045,7.399647,7.126368,6.625291,6.106350,6.710697,6.501374,542.719134
7.633104,6.873419,7.269886,7.877389,7.689683,6.278778,7.731078,6.169426,6.604896,6.557921,655.807026
6.502462,6.094348,7.058972,7.046162,6.439619,7.008429,6.206095,7.667746,7.662672,7.052845,567.642129
7.758305,6.589709,7.886595,7.913585,6.854754,7.286243,7.039953,7.480045,7.392593,7.750649,653.617887
7.981418,7.025696,6.624068,7.251304,6.903086,6.313752,7.530083,6.634164,6.483177,6.134978,649.639681
7.192085,6.985639,6.229327,6.251056,6.031801,6.668946,7.259485,6.237897,6.336692,6.922157,592.040994
7.290742,6.094998,7.511866,7.177337,6.008583,6.366620,6.463580,7.048536,7.846664,7.856172,588.300235
6.799185,7.828083,6.881869,7.423253,7.079387,7.784954,7.737005,6.609470,6.419118,6.220183,645.553175
6.744448,7.611203,7.205822,6.973775,7.862259,7.237623,7.642721,7.121744,7.475520,7.979413,661.643841
6.043901,6.766262,6.074410,7.555768,7.943599,6.082993,7.922387,6.407178,7.131529,7.769051,648.942766
6.263350,7.930714,7.597134,7.145219,7.353967,6.676521,6.930173,7.090972,7.285991,7.349291,599.639552
7.311155,6.030439,6.960494,6.516977,7.004214,6.822753,7.754600,6.646935,7.944497,7.230119,662.090555
6.626348,7.988399,7.996381,6.700758,7.544166,7.939980,6.783752,7.466553,6.347158,7.915280,592.131391
7.235605,6.610509,7.845994,6.832739,7.755728,7.199961,7.509260,6.685901,6.290933,6.795251,627.908257
6.035193,7.602088,6.825690,6.995687,6.119065,7.829905,7.818440,7.873664,6.476839,7.762937,669.748234
7.103784,7.103187,7.751335,7.100165,7.803946,7.295501,7.040145,6.587697,6.762055,7.387303,600.356749
6.502978,7.997659,7.997812,6.348972,6.830398,7.753540,7.548933,6.339658,6.439441,7.839866,612.370017
7.134909,6.474633,7.441954,7.960599,7.470320,7.561018,7.790504,7.288759,7.434683,6.267343,688.477569
7.051696,6.538466,7.370531,6.803031,7.638631,7.174476,6.098532,6.678776,7.762173,6.860587,545.351396
6.066079,6.265151,6.858246,6.063891,6.614123,7.688644,7.817430,6.163056,6.028302,6.256871,601.410283
6.002922,7.163211,6.731504,7.444876,7.123810,6.201824,7.005894,6.914314,7.490584,6.440577,595.572685
7.181657,6.542280,6.979043,6.552188,7.345311,6.617674,7.726664,7.443843,7.296450,7.488837,673.323289
6.304430,7.362529,7.753988,7.162676,7.426419,6.368111,6.851320,7.243850,6.531166,6.879622,586.887595
7.500720,6.534088,6.042833,6.232225,7.978964,7.166643,6.434049,6.984858,6.080957,7.924633,557.585763
7.425434,7.262614,6.466913,6.404477,7.814801,7.812224,7.022152,7.541465,7.256067,6.318602,627.047235
7.030302,7.560497,7.681131,6.784290,6.723173,7.107550,7.152401,7.574493,6.351400,7.683568,627.172745
6.454115,7.852120,6.217656,6.496948,6.084345,6.196619,7.663591,6.518394,7.181477,7.744547,632.714977
6.443027,6.606911,7.007161,6.909940,7.011389,6.821962,6.722164,6.033541,6.363427,7.978231,543.387660
6.352143,7.393729,7.538728,6.033273,6.178019,6.261901,7.140824,7.330421,7.836394,7.492223,616.079624
7.013988,6.290509,7.344344,7.231644,6.787457,7.428689,7.428264,6.451048,7.947083,6.609741,634.291030
6.195595,6.390111,7.216652,7.202756,7.300051,6.228041,6.024718,6.022215,6.261582,6.388145,492.159527
6.000446,6.613724,7.781875,7.539175,6.646998,7.959894,7.801076,7.787821,7.290315,7.637470,678.228626
7.280045,6.304303,7.927979,6.624389,7.535947,6.715436,6.053077,6.964211,7.166484,6.000161,543.159394
7.573952,7.362079,6.390271,6.790604,6.564835,7.690323,7.018645,6.589553,7.712538,7.280226,616.405879
6.977698,7.712984,7.893951,6.759573,7.252159,6.540948,6.719467,7.053235,6.328770,6.009781,578.774057
6.690705,7.608814,6.314085,6.618684,6.233203,7.850032,7.334120,6.286280,6.814243,6.500604,600.096079
6.286441,6.388195,7.862683,6.676713,7.178799,6.427517,6.367035,6.197443,7.017070,6.079573,522.873962
7.477670,7.994768,7.792557,7.371621,6.754341,7.044716,7.912569,7.473807,6.097950,6.241338,693.068653
7.483589,6.788655,7.850153,7.797673,7.407339,6.083356,7.647705,6.741460,6.369636,6.461948,656.874019
7.242064,6.656077,6.850143,7.104746,7.332789,6.028942,7.532263,7.699824,6.226385,6.549333,658.078947
7.779397,7.704055,6.544101,7.571954,7.075676,7.298442,6.616670,6.988245,6.772250,6.714620,601.052690
7.229583,6.255839,7.503275,7.079736,6.053512,6.910615,7.163092,7.701217,7.652074,7.532728,649.130236
6.163166,6.894138,6.188805,7.013309,7.998884,7.521594,7.042251,7.531147,7.221418,7.268636,609.630586
6.080481,7.000816,6.972691,6.624582,6.572770,6.048367,7.923024,7.189439,7.036612,6.695274,658.213029
7.904059,6.266196,6.951112,7.407335,7.345932,7.004624,6.317949,6.509023,6.705842,7.970023,566.373528
6.041751,6.869008,6.864161,6.230556,7.882317,6.863045,7.752150,6.924567,6.394192,6.973568,625.060678
6.193204,6.474673,7.974384,7.165895,7.099255,6.547154,7.214262,7.022279,7.736593,6.250875,614.807289
7.717553,7.640652,6.517070,6.668665,7.047987,7.863002,7.673290,7.365937,6.372025,6.379132,669.566364
7.335960,6.413776,7.248139,6.200121,6.644332,7.130456,7.063166,6.396482,6.055023,7.457358,580.706374
7.370050,6.248227,7.932031,7.344434,7.414122,7.031286,7.891587,6.628384,6.053565,7.628180,661.707898
6.879259,7.771118,7.268833,7.396329,6.439784,6.316820,7.259331,6.113074,7.682757,7.631356,617.333942
6.492205,7.018717,6.045133,7.740344,7.218838,6.689465,6.870800,6.282004,7.085946,6.925823,577.392406
7.739363,6.455996,7.174050,7.671394,7.800430,6.588172,6.702680,7.692018,7.216556,6.756245,627.646396
7.320198,6.095815,6.527363,6.589031,7.492144,6.967147,6.905851,6.751474,7.080220,6.588608,591.170456
6.382830,7.572425,7.607324,6.427963,7.312770,6.826162,7.117428,6.183570,7.108167,6.203374,578.251724
7.109393,6.847529,6.659371,6.283443,6.518923,6.459801,6.871614,7.221603,6.151819,6.088170,584.670839
7.977848,7.472017,6.183985,6.505211,6.061047,7.676128,7.472358,6.966898,6.427603,6.552578,647.363855
7.555506,6.810433,6.125003,7.162831,7.238396,7.437773,7.988993,6.355824,7.621343,7.097160,683.030136
6.559198,6.730735,7.944689,7.218569,7.014178,6.463612,7.678370,7.885792,7.685215,7.830188,684.343577
7.973962,7.663063,7.302205,6.157947,6.168274,7.363252,7.834075,7.640631,6.330151,6.261678,690.040233
6.193209,7.885657,7.072111,6.318213,7.048487,6.310507,7.755986,7.037480,6.666331,7.377328,640.468815
6.134640,7.225529,6.108064,6.079329,6.444098,7.122242,6.542941,6.122467,7.008034,6.228155,525.334171
7.952656,6.981996,7.891218,7.254860,7.139943,6.059492,6.618113,6.974019,7.700123,6.948263,611.243717
7.235697,7.893332,6.833920,6.307808,6.211545,7.882407,6.618315,7.967530,6.919888,7.284645,607.503659
7.344858,7.054528,6.510174,7.452922,7.133857,6.954272,6.575164,7.676797,7.076739,7.583197,609.700243
7.904953,7.029395,6.565194,7.796170,6.284255,7.705137,7.855662,6.902367,6.679156,7.555785,691.587432
7.850631,7.914853,7.449117,6.684551,6.222661,7.660662,6.566958,6.840975,7.628192,7.486846,599.491243
6.125621,6.973051,6.541374,6.635795,6.425973,7.675231,7.590067,7.001136,7.352028,6.666806,631.625111
6.584333,7.256981,7.696201,7.149527,7.053151,7.980456,6.854664,6.908813,6.882823,7.533821,588.483673
6.464598,6.733454,7.448673,7.913715,7.418004,7.671334,7.574377,7.984963,6.512309,7.202569,669.320466
7.471809,6.637930,6.175619,6.013183,7.273724,6.601592,7.688414,6.863791,7.602728,7.040442,657.800724
7.530597,6.187061,6.297422,7.226798,7.336589,7.350573,7.207253,6.191253,6.259386,6.090076,598.617994
7.725074,6.723984,6.823530,7.173747,6.637699,6.241534,6.845081,6.212075,6.226497,7.357390,581.909008
7.414644,7.698305,7.995320,7.590263,7.711488,7.269044,6.191855,7.399901,6.132835,7.794583,573.452512
6.440343,7.663432,7.981645,6.737765,6.890230,7.318234,6.088339,6.097483,7.509487,6.347725,518.567227
6.187559,7.234561,7.071709,7.011089,6.408308,7.709407,7.252623,7.253389,7.921483,7.479119,628.920477
6.610779,7.336127,7.177424,6.606099,6.926390,6.888912,7.875143,7.118245,6.288814,6.007979,653.336810
6.912829,6.729157,7.671411,6.894474,7.466922,6.561641,6.212707,7.555261,6.659124,7.722194,563.180367
7.902985,6.846683,6.956754,6.974694,7.857771,7.365062,6.684101,7.110394,6.618451,6.605584,599.478442
6.589513,7.229230,7.941711,7.766937,7.835329,6.868101,6.655850,7.710472,7.986346,6.944663,617.045511
7.718451,6.899175,7.673820,7.389862,7.793649,7.140742,7.951503,6.006356,6.696003,6.610626,666.898041
7.728550,6.598989,7.457309,6.685305,7.573683,7.315080,6.050367,6.257784,6.425474,6.668818,527.735849
6.863368,7.014987,7.898048,6.805079,6.781924,7.733377,7.673180,7.437774,7.443849,7.659527,670.360524
6.382437,7.162300,6.558702,6.056257,6.552162,6.352351,7.197000,6.503665,6.358707,7.893003,579.661328
7.114291,6.087257,6.491991,6.571600,6.772562,6.065674,7.886681,6.822928,6.323458,6.312154,651.321392
7.491746,7.186827,7.327141,7.389794,7.991906,6.109065,7.123171,7.665086,7.546839,6.567020,654.369055
7.324612,7.929276,7.729321,7.883314,7.985533,6.281483,6.235665,7.182533,6.785148,6.594372,578.140669
7.075536,7.899439,6.681629,7.567527,6.471039,7.454191,7.633201,6.357720,6.277119,7.956659,640.215450
6.669874,7.768865,7.143486,7.997016,7.158659,7.135391,6.106081,6.281830,6.800477,7.652920,536.353384
6.848851,6.125090,7.582196,6.578171,6.008404,7.567729,6.859654,6.244069,6.750262,7.644802,564.884939
6.838441,7.825798,7.544241,7.520071,7.393325,6.015280,6.974262,7.026526,6.373000,7.251381,604.365929
6.983185,7.042874,7.020246,6.126670,7.039890,6.178906,7.262062,7.145971,6.460736,6.062539,611.008201
6.798891,7.309587,6.187628,6.381087,7.887758,6.196032,7.948817,6.747413,6.440101,6.699079,652.862688
6.392214,7.278543,6.524877,7.936455,6.798613,7.918201,7.951735,7.772875,6.944727,6.324735,696.223823
7.024256,7.927912,7.367609,6.044502,6.054582,6.407499,6.223408,7.316644,7.553470,6.684145,564.341321
7.379183,6.352361,7.993732,7.566811,6.733448,7.881490,7.762844,6.682265,6.628903,6.202945,660.391041
7.381344,7.021117,7.481488,7.906221,6.957572,6.280101,7.824422,6.909308,6.052976,6.769149,671.494205
7.234043,7.077232,6.697060,6.601652,7.121735,6.751642,7.009152,7.345143,6.068286,6.562622,604.224811
6.029288,7.447469,6.914983,6.023019,7.014280,7.648431,7.904510,6.777124,6.330696,6.533412,631.609145
6.980069,7.712040,7.554530,6.461556,7.618261,6.512102,6.741658,7.442683,7.421410,6.794634,602.531057
6.211832,6.655453,7.871866,6.908892,7.257105,6.993600,7.660534,6.266256,6.338743,7.728821,612.398835
6.828878,6.368031,7.176289,7.743861,6.391050,6.190570,7.392292,6.295560,6.967693,7.722989,620.137096
6.828973,7.947762,7.435029,6.383502,6.409319,7.053290,6.895604,7.150976,6.495973,6.317014,589.709832
7.945610,6.707804,6.972466,7.817476,7.616696,6.229571,6.811076,7.277230,6.495828,7.149819,622.205087
7.006051,7.324706,7.517850,6.182340,7.068567,7.908901,6.372910,6.460859,6.204461,7.340603,534.629847
6.183848,7.033433,7.288366,7.618877,7.416935,7.697684,6.672167,6.312540,6.848660,7.168139,556.275386
6.629553,6.794270,7.875944,7.602020,6.611745,7.492640,7.831591,7.422821,6.769870,6.327419,674.675331
6.572641,7.775921,7.652124,6.090491,7.958261,6.720691,7.999391,6.331171,7.181551,6.203852,650.602018