6.54435,6.47140,7.91882,6.53341,7.91625,6.07127,6.33962,6.56716,6.68014,7.14999,532.11285
6.02467,6.67232,6.32892,6.04641,6.57442,7.99540,6.37618,6.57992,6.44837,6.85307,515.92914
7.37992,6.60489,7.89206,6.99364,7.07722,7.91327,6.01854,7.22775,7.38931,6.64480,559.34241
6.89721,7.93366,7.11620,6.81603,6.46707,7.03245,6.88730,6.80669,7.59961,7.56743,601.67010
7.95668,7.62428,6.23975,6.28560,7.67069,6.81417,6.28099,6.04687,7.39408,6.72936,552.54010
6.89994,6.77400,7.33425,6.79201,7.76764,6.41147,6.70528,7.78618,7.63921,6.09459,608.96521
6.43098,6.53643,6.02825,7.54717,7.35246,6.49532,6.57963,6.23976,7.30202,6.17924,552.57245
7.80719,7.25870,7.80352,6.04694,7.54429,7.47421,6.86110,7.82528,7.52108,6.25519,632.80518
6.55464,6.42103,7.02919,7.88889,7.21304,6.79683,6.30036,7.91831,6.58301,7.93958,581.09729
6.01290,7.01399,6.47600,6.04116,6.56116,7.82846,6.53648,7.14079,6.06822,7.83849,539.57050
7.32002,7.87540,7.09719,7.12354,7.92234,6.64148,6.59776,6.78345,6.46677,6.11884,576.14453
7.03864,7.02141,6.53987,6.06782,6.91030,7.75291,6.86465,7.21066,7.67122,7.44766,602.45288
7.15024,7.68412,6.46165,7.62624,7.72528,7.02281,7.45471,6.26176,6.16360,7.52292,623.23254
6.10026,7.48362,7.39833,7.19745,6.60717,7.32067,7.83893,7.20492,6.10412,6.30570,648.74652
7.32376,7.14276,7.32710,7.86363,7.21058,6.23740,7.61654,6.07523,7.44807,7.28776,651.28448
7.52289,6.59831,6.97188,7.98454,6.22455,6.69716,7.00735,7.67926,6.95892,7.17095,645.46838
7.20218,7.05918,6.65457,6.60051,6.25663,7.26173,7.92118,6.09556,6.46666,6.02530,643.06140
6.40125,7.79042,7.16805,7.72835,7.65405,6.37864,7.96576,7.27059,6.45387,7.41383,679.82373
6.55834,7.97676,6.01214,7.53022,7.96130,6.23669,6.22739,6.96865,7.91595,7.18631,566.36151
6.13960,7.11813,6.24549,6.79417,7.71864,6.50212,6.05590,7.63981,6.59768,6.52256,537.02869
7.66511,6.99893,6.31297,6.83316,6.72728,7.96702,7.21180,6.69304,7.23761,7.66567,628.40802
6.10687,7.79595,7.64243,6.11901,7.32617,7.60373,6.35570,7.55356,6.57238,6.27165,549.04791
6.73988,6.71198,7.38977,6.98537,7.50615,7.10841,7.48749,7.56205,6.74822,6.08517,645.76343
6.08461,6.41333,7.08409,6.39758,7.24649,7.81137,6.36460,6.45828,6.50441,7.60221,518.58929
6.12395,6.61128,7.39816,7.76638,6.73029,6.72433,7.37011,7.08598,6.27789,7.94249,618.81976
7.35763,7.01777,6.65447,6.74740,6.00314,6.16062,7.85581,7.49063,7.72267,6.60403,695.44836
7.57579,7.80727,7.01735,6.65989,6.20485,6.26384,6.47126,6.56946,6.72213,6.97567,567.09717
6.17166,6.84607,7.58695,7.56982,6.61245,6.31724,6.29415,7.98256,7.40322,6.57205,581.18884
7.92505,6.76085,7.58982,6.57952,7.50825,7.59296,6.74014,7.36406,7.08359,6.46281,612.14270
7.96809,6.65938,6.27009,6.98544,7.31927,6.47494,7.24928,7.79052,7.04439,7.97141,665.75940
6.76619,7.21606,6.81748,6.35315,6.78588,7.42993,6.67038,7.08003,7.41249,6.07360,578.27924
7.65208,7.33754,6.83445,7.24190,7.91706,6.34270,6.83486,6.65721,7.70675,7.91844,613.51971
7.12002,7.67484,6.57782,7.39010,6.66028,7.89709,7.86504,7.90956,7.68761,6.90944,713.10608
7.88097,6.45381,6.12550,6.69846,6.80695,6.91138,6.12839,7.47734,7.99141,7.54088,587.11469
7.55094,7.64349,6.87843,6.38539,6.88538,6.79549,6.72808,7.72024,7.45269,6.43483,618.89673
7.63868,6.57271,6.10967,6.21650,7.96281,6.76995,6.11359,7.82786,6.67951,7.80121,570.71143
6.73729,6.56048,6.25502,6.86279,7.25894,7.06198,7.77417,7.38733,6.53931,7.76557,660.46222
6.92821,6.09025,7.40906,7.80664,6.47564,6.29444,6.60213,7.20371,6.01468,6.05482,575.21887
7.63855,7.65336,6.62753,7.74822,7.86987,6.59034,6.51816,7.98346,6.41820,7.19767,617.94092
7.78467,7.15550,7.75816,6.03969,6.01828,7.01710,7.10167,7.79245,6.40443,7.64098,636.60327
7.55802,7.33264,7.73123,6.96708,7.13928,6.20686,7.26153,7.74141,7.41058,7.27621,663.81384
7.79623,7.04912,6.92957,6.42376,6.79734,6.79944,7.01410,7.31550,6.78290,7.43230,624.05847
6.51318,6.56757,6.58780,6.27133,6.60726,6.60608,7.28843,7.70893,6.39853,7.69286,620.93909
7.34990,7.95655,7.02550,7.08113,6.92364,6.16478,7.28800,6.18516,7.90618,6.69858,628.49829
7.46137,7.70241,7.74770,6.39094,6.12616,6.54504,7.19037,7.14026,7.86054,7.97327,642.56158
6.57257,6.37372,6.54084,7.16036,6.64505,7.14810,7.76645,7.93348,6.85703,6.16498,675.62860
7.62634,6.20693,6.12153,6.65184,7.28806,7.04517,6.81662,6.57606,7.23033,6.72280,589.65045
7.27463,6.69170,6.42521,7.02233,7.08263,6.55137,7.56737,6.27301,7.69164,7.42792,642.27203
6.24628,6.26420,7.80163,6.78712,7.42457,6.44669,7.93522,7.19101,6.38017,6.79225,654.03992
7.35599,6.00651,6.99918,7.47753,6.65835,6.28725,6.52270,7.47497,6.86331,7.75303,595.12579
6.19777,6.13794,6.44473,6.62298,7.16028,7.52736,7.17435,6.72765,7.80037,6.86599,597.60565
6.15556,6.04665,7.13019,7.95720,6.83377,6.55476,6.40388,6.76900,7.74577,6.78405,560.19952
7.56125,7.10177,6.79057,6.56043,6.57929,7.44892,6.84767,7.10199,6.92389,7.71098,605.62170
6.85502,7.12166,7.84892,7.29974,7.74464,7.00920,6.82710,6.91899,7.73685,6.62747,602.29486
7.78498,7.89241,6.67413,6.91517,7.84961,7.50790,7.46993,6.25349,6.27690,7.21570,630.93256
7.03754,7.83814,6.31747,7.82811,6.39857,6.89676,7.27703,7.24624,7.99875,6.20092,656.42462
6.95722,6.85377,7.32259,6.80614,6.15351,7.06723,7.81534,6.98061,7.98622,7.55219,676.26086
7.60809,7.77121,7.44460,6.28221,6.68638,7.29420,7.79011,6.15631,7.54769,6.06701,656.43134
7.37202,6.58523,7.90515,7.68949,6.41334,6.30372,6.58625,7.69037,7.54996,6.58500,617.58630
7.89129,6.50718,7.43877,7.21388,7.31333,7.59228,6.28111,7.12867,6.57289,6.26733,574.14185
6.68086,6.18098,6.03854,6.12545,6.46319,6.72492,7.41965,6.25330,6.88123,6.96735,596.21265
6.32031,6.25325,7.55258,6.22546,7.94274,7.96592,6.52917,6.52899,7.65629,6.07914,544.76257
7.11399,7.54759,6.58632,6.55276,6.76147,7.89965,6.14504,7.04257,7.02832,6.71793,550.12018
7.30991,7.70918,6.89891,7.34845,7.83463,7.36210,6.07337,7.25428,7.61541,6.95460,572.83014
6.22163,7.93572,7.20785,7.77420,6.16118,7.15059,7.74012,6.69035,7.67958,7.39642,659.71039
6.76949,6.79357,6.94400,7.35581,7.34632,7.70547,7.25546,7.49136,6.74804,6.28377,631.68121
6.20929,6.05795,7.99295,7.10820,7.40639,7.82758,6.47030,7.47976,7.08186,6.08571,565.83746
6.43436,7.30348,6.02142,7.64221,7.07769,6.18260,6.79281,6.81781,6.87295,6.47238,580.94501
6.21423,7.64244,7.26595,7.15823,6.99824,6.61228,6.86369,6.25370,6.10363,7.61173,557.28748
6.53747,6.31292,7.66968,6.53042,7.42112,7.07607,6.35800,7.89142,6.55583,7.43985,567.24615
7.97713,6.99019,6.74334,7.99855,6.63241,7.82102,6.18115,7.42521,6.63883,7.05410,590.68903
7.89760,6.85306,6.69654,7.16355,6.01129,7.69478,7.77582,6.87498,7.94848,7.87946,693.06445
6.48672,6.48595,6.19238,6.15639,7.01637,7.61350,7.23247,7.37437,7.50492,7.78830,619.04565
6.81422,7.48205,6.77849,7.55756,7.48060,7.41090,7.37858,7.66175,6.83611,6.01742,651.83704
6.71584,6.73371,6.87048,7.41238,7.89725,6.88177,7.10716,7.67308,7.75675,7.05564,639.56189
7.55253,6.24347,7.54159,7.74491,6.39986,6.55796,7.35841,7.63233,7.93233,6.86333,677.81464
7.42063,6.74655,6.34538,6.19912,6.30411,7.82597,7.61002,7.68269,7.48772,6.44613,672.85522
7.70012,6.20357,7.17984,6.57060,7.61594,7.07709,7.45237,6.72310,6.75017,7.20912,635.52802
7.77874,6.30270,7.45259,7.32033,6.04762,7.85245,7.87829,7.40603,7.48478,7.81062,707.21973
6.26936,6.90541,6.55717,6.61474,7.10453,6.86128,6.44072,6.71455,6.54397,7.92844,538.22449
7.16068,6.24409,6.13200,6.34052,6.81468,7.74795,7.41762,6.26705,6.47105,6.16779,601.69440
7.47617,6.24979,6.47049,6.92875,7.57012,6.51810,6.78120,7.44841,7.92413,6.26598,618.62677
7.25902,6.19349,7.17139,7.81619,6.80823,6.27592,6.67747,7.24895,6.99047,7.22144,602.59418
7.17738,6.15115,7.46552,7.30938,6.49167,6.28021,7.05733,7.90929,6.54726,7.52838,634.90515
6.07708,6.02342,7.77817,6.54757,6.95218,7.34829,7.06567,7.73338,6.79670,6.98980,602.73785
7.99936,6.05573,7.18329,7.17075,7.87191,7.99152,7.44667,6.54938,7.24047,6.43714,647.36060
7.77082,6.41785,6.58829,7.23634,7.72724,7.07996,7.51655,6.78457,6.98925,6.06380,651.51642
6.31295,7.06633,6.08722,6.09112,7.61390,7.03940,7.43941,6.67957,6.77278,6.23611,601.79895
7.66937,6.77214,6.29183,6.85266,7.94288,6.16375,6.84418,7.38955,6.71313,6.08465,610.84930
7.82669,6.48395,6.50250,6.41497,7.72029,6.22973,7.49494,7.23683,7.01430,6.48419,655.62317
7.30063,7.32725,7.55053,7.38786,7.41836,7.16442,6.42726,6.85777,7.84399,7.20004,587.11786
7.09388,7.51336,7.97217,7.38572,6.36601,7.91506,7.54946,7.21019,7.30461,6.26259,663.25031
7.29484,7.13129,6.74654,7.79733,7.54627,6.46683,6.02707,7.04120,7.70366,7.04137,568.06268
7.52539,7.00429,6.36861,7.07592,6.39215,7.78698,6.24034,6.81941,6.64475,6.08433,555.67267
6.01945,7.73863,7.59769,7.99162,7.12434,7.96371,7.90668,6.67381,7.17389,7.21128,664.09015
6.93640,6.46873,6.34258,7.68294,6.26607,7.88884,6.14977,6.29313,6.93005,7.85343,536.69470
7.33450,6.45544,6.85772,7.70311,7.53136,7.24987,7.49009,7.77170,6.06928,6.13484,662.20166
7.85603,6.08873,7.87347,7.45372,6.08035,6.99781,7.41743,7.98703,7.67162,6.59132,691.09991
7.19831,6.60802,7.06005,7.54089,6.29096,7.32612,7.42973,6.44073,7.61925,6.35977,637.70685
6.29416,6.95376,6.81521,7.15188,6.65687,6.34657,6.40175,6.14696,6.11827,6.47103,520.14508
6.28180,7.97430,6.55977,6.15527,7.42803,6.64012,7.15308,6.84546,6.62714,6.82470,588.76935
7.43678,7.82545,7.43272,6.49683,7.36634,7.72368,7.82296,6.79607,6.16441,7.44221,659.60669
7.15584,6.45856,6.39597,7.97105,7.61044,7.05284,6.31762,6.01219,7.19980,6.43589,548.72754
6.48322,7.48160,6.41019,7.04298,7.63687,7.83822,7.68310,6.78994,6.68367,6.31025,637.19281
7.61464,6.12045,6.13570,7.04736,6.61729,7.50204,6.77103,6.44024,6.29811,6.93544,575.75195
7.88245,7.45395,7.39400,6.27842,7.42500,7.00444,7.33125,7.74262,7.01662,6.53105,662.27240
6.17851,7.49984,6.01265,6.58871,6.54282,7.64952,6.42692,6.22592,6.43946,7.11059,522.02271
6.53617,6.05410,7.23105,6.67187,7.10146,7.84833,6.17391,7.87249,6.28857,6.47202,549.95380
6.80793,6.17102,7.92597,6.20193,6.44944,7.35097,7.20636,7.78069,7.09360,6.22298,627.43262
6.31174,7.27211,7.72282,6.32439,7.86081,6.26565,7.97390,6.28774,6.49157,6.41336,634.76843
7.39833,7.02774,6.46746,6.62938,7.69961,7.56891,6.47771,7.87352,7.44140,6.76628,603.75635
6.34554,6.24933,6.93730,6.27151,6.45126,7.38674,7.62249,7.65763,7.16743,6.71608,647.80688
7.88061,7.47917,7.98819,7.60343,7.80355,7.84901,7.86908,7.77745,6.13674,6.36065,708.08197
6.19081,7.53507,7.38839,6.65827,6.16445,7.08800,6.22719,6.64216,6.96152,7.66859,529.80615
7.40844,7.30707,7.91793,6.34574,7.57858,6.36919,7.73248,7.20107,6.02682,6.89992,656.85883
7.91715,7.90743,6.37908,7.90534,7.51086,6.18264,7.75435,7.37994,7.96009,7.89109,718.16541
7.74059,6.15090,7.42616,7.12897,6.80918,7.59061,6.21697,7.03636,6.23276,7.17850,559.80695
6.70496,7.64120,6.48556,6.62288,7.98694,6.06415,6.99207,7.71943,7.26521,7.01889,620.89886
6.61934,7.18236,6.92632,6.99842,7.08770,6.43718,7.18106,6.84205,7.81712,7.14115,618.48273
6.73314,7.55770,7.29205,6.15929,6.68668,6.10123,7.74990,6.90365,7.13759,7.98266,651.10785
6.08215,7.84254,7.62386,6.56771,6.46543,7.61081,6.63186,7.45750,7.33023,7.89707,581.14301
6.47639,7.94957,7.07943,7.40271,6.94800,6.16713,7.83989,6.12906,7.00918,7.65700,645.97064
7.27021,7.74231,7.21471,6.56226,7.90161,7.90139,6.66349,7.65151,6.80504,7.80107,604.10791
7.63417,6.88719,7.64362,7.25803,7.45490,6.10905,6.86884,6.08676,7.56655,6.19907,595.27222
7.98383,6.04293,6.14864,7.06325,7.44564,7.09664,7.23039,7.28552,7.22570,6.23957,647.68195
6.94253,6.49590,7.98188,6.15724,7.05816,7.88349,6.05862,7.72165,7.53500,6.86366,559.98145
7.52272,7.16916,7.75085,7.16634,6.42720,7.20575,7.27539,7.29603,7.29250,6.84193,650.87872
7.49510,7.27633,6.88487,7.64374,6.33958,6.33051,6.74038,7.56997,7.61603,7.96608,631.77612
7.80953,6.55856,6.46198,7.79141,6.71580,7.52014,7.67490,6.77442,7.24179,7.20990,676.43506
7.63808,6.76452,6.37906,7.38893,7.93086,6.80625,6.59467,7.20625,6.10229,7.88717,590.60870
6.04818,7.59739,7.16350,6.93305,7.24113,7.50308,7.26356,7.98151,7.07304,6.87959,636.47998
7.94759,6.88258,7.43815,6.40957,6.67399,6.15395,7.92972,6.34889,6.92837,7.17151,671.40210
7.55879,6.56644,7.93603,7.93785,7.95537,7.86689,6.74410,6.55004,7.07314,6.84639,598.82007
6.43721,7.12132,6.44378,7.60071,6.05437,7.68491,7.10378,7.31793,7.66643,6.17683,624.49329
6.19752,7.61402,7.05941,7.63567,6.02359,7.73340,7.78961,7.95331,6.08229,6.71798,673.51007
7.12483,7.64107,7.28442,7.06085,7.57892,7.23979,6.92774,6.32302,7.78983,6.00088,597.61859
7.16941,6.22704,7.12220,7.61319,7.82774,7.17657,7.29810,6.93153,6.49450,6.96453,626.69604
7.10836,6.69202,6.57855,6.16776,6.32768,6.60214,7.90116,6.11729,6.55546,7.98345,639.21527
6.83527,7.68028,7.62452,6.11969,6.74114,7.20344,7.35948,7.66888,7.52646,7.14931,648.14301
7.66976,6.69587,7.37634,6.79196,6.30906,7.20409,7.96853,7.60716,6.13562,6.46303,694.04401
6.57169,7.24397,7.15504,7.15023,7.41174,7.48272,7.75237,7.31290,7.60002,6.30783,670.56482
7.29635,6.43529,7.98811,6.92087,6.55498,6.72925,6.12431,7.91445,6.39812,7.65077,571.71875
7.06376,6.06788,6.34664,6.44010,6.85984,6.65570,7.64419,6.82837,6.26286,7.77981,632.25427
7.29140,6.83455,7.02378,6.44644,7.98478,6.43552,7.92916,7.73715,7.74842,7.52918,705.52325
6.04498,7.04476,7.96446,6.03309,7.96563,6.51944,6.76234,6.08994,6.43389,7.16046,532.97687
7.74071,7.49765,7.22835,6.08735,7.93776,6.08819,6.74305,7.58195,6.91656,7.00591,611.21442
7.36176,6.20795,7.84047,6.38554,6.65439,7.82525,6.82106,6.58356,7.56240,6.56948,587.55579
6.11273,7.60739,7.61424,6.07719,7.64048,7.57987,6.59663,6.40282,7.66981,7.03052,548.25146
7.56328,7.41052,6.52817,6.79163,7.49786,6.46593,6.87981,6.24091,6.04788,7.79637,578.64954
7.24683,7.40964,6.00433,7.08729,7.79518,6.65872,6.91254,6.61624,7.24228,6.47494,598.52765
7.18572,7.35501,6.08233,6.79996,7.43220,7.72281,6.37984,6.02883,6.12563,6.04965,529.54120
7.05935,7.68891,7.46016,7.58752,6.48053,6.95803,6.05345,7.36035,7.19894,6.10133,565.81366
7.15672,6.44577,7.51096,7.16105,7.53306,7.30614,7.81977,6.44560,7.92238,7.06205,667.43384
6.92055,7.10810,6.41706,7.00288,7.90806,7.84926,6.72569,6.28790,7.87809,6.85131,578.06531
6.33754,6.93744,6.54022,7.79771,6.52497,7.02075,6.75573,6.57842,6.38110,7.95467,568.27789
6.67975,7.53782,6.40044,6.19071,6.69887,7.93350,7.49685,6.51864,6.37911,7.41923,609.72784
7.58069,7.29965,6.52733,7.99774,6.30253,6.43539,7.84700,7.02822,6.72329,7.72509,691.85876
7.87953,7.06083,6.66253,6.41975,6.85854,7.18750,7.44050,7.61427,7.76591,7.82161,677.71912
7.56894,6.44566,7.35943,7.96938,6.63637,6.05830,7.90289,6.13322,6.57694,6.28199,665.64771
7.55246,6.15763,7.58165,6.07978,6.15537,7.88418,6.51517,6.00237,6.91240,7.23846,546.49628
7.72746,6.79193,6.29930,6.38999,7.21168,7.15783,7.57748,6.65218,6.77211,7.34340,643.83069
6.47378,6.34105,7.78906,7.83322,6.31043,6.42543,7.89152,6.21332,6.55865,6.46846,643.43884
6.49531,6.11111,6.62609,6.07696,6.19090,6.78146,7.96114,6.70607,6.78383,6.87354,644.12451
7.94453,6.51129,7.66547,6.24383,6.90128,6.87714,7.40166,6.47876,7.52932,6.17377,636.69238
7.82216,6.00311,6.51482,7.61122,7.83632,6.82525,6.03665,7.72784,7.03857,6.59530,582.26917
6.19630,7.53388,6.70641,6.82239,7.61085,6.89731,7.60384,7.57199,7.60338,6.38767,656.56683
6.44553,7.54791,6.89896,6.11100,7.79174,7.80024,6.98814,7.19341,6.27900,6.51746,582.78241
7.36718,6.10115,6.52057,7.88199,7.71237,6.35689,6.70724,7.74902,6.08473,7.74581,610.46973
6.34432,6.28103,7.27969,7.05073,7.10341,6.89053,7.94804,6.70726,6.46252,7.55142,649.04724
7.09493,6.90805,7.09934,7.99389,7.01905,6.89108,7.79413,6.00719,6.08449,6.07312,639.94305
6.52465,7.45167,6.17428,7.04522,7.33366,7.88665,7.40211,6.04090,7.63567,7.48684,611.95795
7.78671,7.97999,7.76786,7.06640,7.03072,6.87127,7.95694,6.97877,7.57853,6.41946,704.65161
6.53019,6.67346,7.32752,7.62953,6.66735,6.34657,6.52061,6.46147,6.35376,6.60510,548.07153
6.53460,6.87841,6.05677,6.70887,7.92363,7.39043,6.59552,7.32574,7.43133,6.23119,577.58514
6.81258,7.21804,6.21117,6.58044,6.28444,7.24190,7.45172,6.24138,6.22066,7.03025,601.79254
6.66084,6.75085,7.70371,7.98836,6.38038,6.37106,6.33492,6.90099,6.83253,6.68868,560.99835
7.50609,7.36713,7.56710,7.56286,6.07600,7.49073,6.95329,6.67152,6.81647,6.38463,609.40088
6.90271,7.62906,7.60267,7.11388,6.20950,7.88712,6.35578,7.66122,6.12850,6.57644,572.15436
6.69147,6.78934,7.32729,6.39518,6.77769,7.70767,6.76624,7.11262,6.60866,7.59877,576.44427
7.80130,6.11475,6.96590,7.36840,7.67762,7.04190,6.85913,6.63091,7.71342,7.67560,613.90686
7.01554,6.61613,7.30466,6.61821,7.73001,7.51416,6.50532,6.08579,7.17538,6.63382,545.98389
6.66223,7.86685,7.42316,7.98953,6.26202,6.20085,7.69720,7.02826,7.31347,6.30586,669.40576
6.62703,7.11477,6.42061,7.59292,6.48317,6.09823,6.63482,7.34230,6.72914,6.34824,585.10443
7.01790,7.74468,6.96437,6.32256,6.36288,6.69438,7.83672,6.86821,6.78018,7.01209,658.21753
7.50203,7.44241,6.87894,6.92519,7.43194,7.14096,7.12604,7.12914,6.16922,6.43951,618.12805
7.43500,6.79625,7.55428,7.85561,6.38917,6.03745,7.95384,7.02399,7.37974,6.68298,700.52527
7.37223,6.39764,6.42765,6.33660,6.72020,6.79054,7.03098,6.55692,7.65874,7.81116,604.17743
7.56901,7.16077,7.25357,6.44795,6.08596,6.68550,7.58890,7.21200,7.81464,7.75812,673.04932
7.65150,7.24964,6.55437,7.20578,7.10525,6.94354,7.24323,7.05908,7.96753,6.62297,652.44629
7.74206,7.33976,7.02061,6.16972,7.67636,7.74082,6.96026,6.70735,6.29773,6.61900,594.17084
6.51850,7.86674,7.77977,7.77207,6.31469,7.86573,6.45758,7.90359,7.07773,6.27222,597.91736
7.66172,6.72923,7.52185,6.21609,7.93502,6.62710,7.15963,7.17824,7.68618,7.12716,635.73175
7.80121,7.42825,6.46693,6.82183,7.59796,6.14329,6.56264,6.55822,6.85064,6.86037,578.43866
7.17722,7.36914,6.72711,6.95699,7.14121,7.04180,6.82272,7.59879,6.94539,7.90045,615.61011
7.87101,6.60711,6.62969,7.39286,6.82319,6.56470,6.01995,7.98282,7.74295,7.70613,600.64288
7.10999,7.54416,7.13438,7.57691,6.36598,6.73234,7.72021,6.92862,7.29056,6.57084,671.03046
7.78900,6.46778,7.93999,6.51611,7.42477,7.08120,7.55791,6.24749,6.67999,6.50330,632.30731
6.14795,6.55099,7.11041,6.77763,7.94385,7.93360,7.34234,7.96380,7.91643,7.08528,648.65320
7.66994,7.02642,6.62944,6.80432,6.60333,6.99542,7.53666,6.32354,7.92405,6.82722,650.22876
6.89438,7.71304,7.29499,6.83437,6.22915,6.71976,7.91557,7.78706,6.96725,6.59555,694.15002
6.29036,7.11520,7.14655,7.40077,7.89283,7.09040,7.33437,7.23517,7.05420,7.25080,628.93469
6.32045,6.72413,6.27722,6.94989,7.52845,6.88055,7.94531,7.06511,7.20409,7.86936,667.21295
7.89232,6.09847,7.58240,7.18732,6.93284,7.81155,7.90708,6.84840,7.59861,6.87433,694.26129
7.44396,7.88897,7.98953,6.59050,7.28974,7.88237,7.68090,6.62411,7.11754,6.73510,656.36475
7.87492,7.43799,7.45923,6.15213,6.38788,6.98768,7.03268,6.33320,6.05279,6.23677,589.50763
6.20256,7.94511,6.33524,7.78496,7.13243,7.26807,7.59651,7.03951,6.11648,7.19512,637.06476
7.91385,7.56044,7.08410,7.90338,6.15094,6.37384,7.78575,7.83184,6.99795,6.90329,718.46698
6.56694,6.87287,6.34128,6.02617,7.02500,6.72916,7.01385,6.05768,7.06236,7.06664,564.52319
6.29445,7.26492,7.01175,6.62969,7.04988,6.14419,7.89777,6.64639,7.18370,6.01424,647.52753
7.84151,7.09754,7.57468,6.92560,7.00092,7.72562,7.29944,6.78667,7.55746,6.29739,644.79785
7.68995,6.12440,7.17026,6.03123,6.15057,6.19526,6.76039,7.16442,6.25294,7.82275,587.25244
6.23106,6.54739,7.08767,7.24281,7.17708,6.13754,7.38700,7.07485,6.78393,6.57069,618.53973
7.08909,6.62543,7.66824,6.66377,7.55103,6.66916,6.38939,6.85047,7.45582,7.94685,566.19226
7.14786,7.14577,6.07125,6.31812,7.17700,6.22182,6.51338,7.93739,7.38623,6.76633,599.06378
7.76014,7.61729,7.31372,6.84781,6.86010,6.49081,6.98535,6.24709,7.56566,7.76928,611.07465
6.81779,6.65475,6.39471,6.48602,7.31852,7.94574,7.15518,7.70791,6.79622,6.61100,622.20929
7.65477,7.94409,7.75677,7.72602,6.26221,6.93377,7.94783,6.77559,6.87116,7.33406,696.28674
7.54192,6.63130,6.95135,6.85564,7.47911,7.81144,7.34645,6.46446,6.05854,6.91211,613.29034
6.23373,6.87632,7.56685,6.62844,7.36234,6.88538,6.57418,6.51752,6.59329,7.37040,541.73657
7.12852,6.24806,7.31449,6.88529,7.97408,7.57670,7.81906,7.92191,6.35229,6.69023,682.42719
7.25597,7.89421,7.32153,6.20732,6.74986,6.80063,6.01876,6.09630,7.26509,6.07730,521.59235
7.00841,7.49882,6.95362,6.57526,6.12726,6.31596,7.46064,6.70144,6.83348,6.05393,625.23810
6.07185,7.96200,6.30199,7.38634,6.84729,6.27607,6.96304,6.66636,6.19797,7.31533,575.32855
7.35658,7.45395,7.20954,6.67811,7.66126,7.95939,7.47875,7.68003,6.05570,6.74384,653.10382
7.75732,7.06411,6.24265,6.71094,7.63937,6.36992,7.02691,7.10001,7.07136,7.86039,625.07056
7.15394,7.14321,7.82239,7.45594,6.52954,6.66968,7.73200,7.49258,7.33604,7.92998,689.05658
6.80791,6.69263,7.38392,6.01745,7.37074,7.04518,7.97684,6.84948,6.72521,6.03254,655.23792
7.59332,6.48253,7.09665,7.83597,7.19347,6.73603,6.20589,6.22038,7.83604,7.27725,564.49963
6.08077,6.98998,6.42045,7.90316,6.44592,6.95000,6.57284,6.17792,6.44258,7.90888,543.35596
6.10790,7.25048,6.60151,7.49182,7.26793,7.97224,6.53700,7.24477,6.82173,7.26221,568.68390
7.27731,6.41504,7.74474,6.37396,6.25102,6.93822,7.10999,6.45691,7.15860,6.94603,599.07416
7.73415,7.23936,7.93601,6.15461,7.14252,6.38193,7.10461,7.71536,6.55985,7.54718,636.89404
7.62424,6.66775,6.79767,6.22575,6.15957,6.06560,6.19800,6.69657,7.31036,7.01972,552.20837
7.95878,6.58768,7.43477,7.70353,6.96164,7.68579,6.64174,6.07163,6.14269,7.80034,575.76874
7.01765,7.87685,7.03970,6.95367,6.03146,6.18223,7.33560,7.13606,7.89759,7.89546,650.25653
6.68325,7.52183,6.56321,7.48091,7.74758,6.72278,7.54651,7.94558,7.41935,6.85687,677.93335
6.96530,7.37814,7.44455,6.40006,7.08166,6.40618,6.08585,7.72340,6.47781,6.22854,553.16571
7.52374,7.49546,6.10539,6.56345,6.44913,6.13685,6.74567,7.78473,7.27291,6.64326,619.97247
7.68019,7.95616,6.16509,6.24339,7.43707,7.91267,6.96617,6.98358,7.85825,6.38553,621.79047
7.84045,6.82354,7.76366,7.28500,7.22361,6.84532,7.69118,7.30946,6.56873,6.16899,678.62964
7.53800,6.09247,7.66445,7.64339,6.65591,6.11358,7.78024,7.40158,7.89831,7.05315,701.26752
6.04484,7.57850,7.00931,6.20993,7.82189,6.44638,6.12259,6.78807,7.42996,7.98084,526.11255
7.17359,7.27040,6.80438,6.93725,6.55540,6.02799,7.78258,6.24658,7.33745,6.35130,651.26624
6.41558,6.87545,6.44377,6.08003,6.51885,7.09968,6.19361,6.29909,6.50127,6.09193,505.10721
7.35224,6.54610,7.67042,6.36155,6.75603,7.49232,6.80793,6.87862,6.28039,6.23788,578.50452
6.85946,7.45398,7.50829,7.66385,6.39123,6.06369,7.69184,6.17381,6.31027,7.02929,634.62238
6.52512,6.72585,7.90475,6.96889,6.80588,6.42359,6.06857,6.99949,6.72268,6.56984,531.13385
7.09142,6.07492,7.11594,6.76185,6.43647,7.87197,6.25416,7.24440,6.75060,6.53455,554.90228
7.48228,7.61006,7.98853,6.99056,7.27391,6.37976,7.05425,6.96575,6.55357,7.36452,617.29669
7.99504,7.07869,6.09037,7.89979,6.04757,6.89625,6.32338,6.11615,7.89574,7.04606,580.18573
6.68598,6.98716,7.12099,7.80192,7.74901,7.55746,7.67389,6.00317,6.80186,6.42449,629.94226
6.53772,6.28413,6.03455,6.52625,7.27469,7.30846,6.90601,6.32894,6.27421,7.45959,556.48871
7.69346,6.26925,6.53827,7.78383,6.16903,6.58585,6.68008,6.49241,6.70200,6.57583,586.27905
7.53848,7.38798,7.56299,6.65947,7.18990,7.31200,6.21693,6.86380,7.31518,7.01878,564.07300
7.28829,7.85290,7.30292,7.32284,6.37915,6.57761,6.63130,7.28516,6.90656,6.90550,600.41992
6.74475,6.60002,7.17475,7.28302,6.38385,7.34378,7.86888,7.06394,7.83619,6.57087,678.72650
7.63977,7.37467,7.95885,7.20276,6.03414,7.14875,6.51476,6.25107,6.01255,7.82994,561.45905
7.26985,7.30084,7.68284,6.57277,6.62368,6.06199,7.15038,7.25498,7.34715,6.05694,628.77045
6.16048,6.09190,6.65696,7.33523,7.37492,7.04082,6.67901,7.24380,6.10475,6.51520,562.40570
7.81467,7.74452,7.88987,7.77352,6.94728,7.92401,6.92227,7.46204,6.17508,6.93483,632.39935
7.29198,7.44493,6.23567,6.97481,6.01770,6.85935,7.03680,7.16809,6.11432,6.38395,607.70630
7.22503,6.27480,6.47585,7.88199,7.61003,7.85077,6.92280,6.28903,7.09457,7.02756,595.03052
6.80423,6.90924,6.77208,6.69411,6.68276,7.71936,6.61812,7.60503,7.18141,6.79319,590.73981
6.53986,6.47338,6.23812,6.77552,7.44820,6.25583,7.63487,6.48500,7.42391,7.74919,631.74335
6.86895,6.64894,6.02399,7.34479,6.53093,7.63402,7.19557,7.45373,7.92305,6.29013,641.34576
6.48129,6.72728,7.19937,7.25337,7.42139,7.88213,6.97274,6.03951,7.48716,6.15414,576.13947
6.83270,6.02702,6.62753,7.07083,6.80254,6.07572,7.32665,6.43741,6.56072,6.75056,602.29761
6.18660,7.42967,7.39950,6.21059,6.77446,7.93042,7.84461,7.97003,7.38415,7.76766,680.35059
6.26016,7.86545,6.49494,7.45953,7.11882,7.91633,7.34166,6.09156,7.95584,6.82882,613.11963
6.24570,6.78854,6.85584,6.87323,7.85936,7.65838,6.94895,7.18601,6.09578,7.50967,580.54767
7.93657,6.28238,6.93934,7.33607,6.49297,7.71380,7.26650,6.33758,7.68382,6.65065,635.98639
6.10524,7.94398,6.51610,6.60018,7.40351,7.63492,6.51652,6.74517,7.72647,6.47235,556.66022
7.57400,7.97217,7.26089,6.42983,6.84540,7.12025,6.08821,7.79435,6.30626,6.18399,567.98529
7.30402,6.24284,6.46637,6.24335,7.57891,6.95935,7.95715,6.84541,7.29693,7.64097,673.24036
7.49606,7.40217,7.58495,6.01216,6.00236,6.98847,7.64708,6.51888,7.73364,7.37355,653.03851
6.99123,7.30764,7.34572,6.25212,7.73747,6.19112,7.37237,7.82568,7.98547,7.67863,663.01813
6.00967,7.28949,7.92147,6.47605,7.53284,7.50038,7.43539,7.48999,6.34579,6.73233,619.87451
7.13096,7.84185,6.13450,6.71592,7.85400,6.13686,7.70438,7.50108,6.65574,7.43802,670.22601
6.87463,7.64697,6.74566,6.22035,7.89909,6.48313,6.41147,7.27145,6.30881,6.39694,556.00745
6.95009,6.31848,7.68643,6.87156,6.79452,7.21927,6.37193,6.22992,6.70926,6.71772,535.87640
6.96225,7.84022,6.55957,7.09675,6.55614,6.41357,7.23361,6.26052,7.91465,7.88935,620.33899
7.69854,6.78927,7.53632,6.44420,7.00962,7.43541,6.92733,7.42109,6.70686,7.23613,617.32220
7.81803,7.65695,7.55461,7.50446,6.52850,6.34913,6.72373,6.90044,6.57905,7.43299,605.77911
7.61816,7.54130,7.27321,6.17773,6.63805,7.82935,6.59130,7.87167,6.08987,6.50595,596.79517
7.76102,7.78841,7.29522,7.29734,6.23261,6.30484,6.73275,7.15994,7.72593,7.43961,624.28131
6.39607,7.54396,7.09656,7.95068,7.04843,7.62506,6.29982,7.77216,6.52550,6.87887,576.33215
7.20515,6.14366,6.42018,6.47836,6.32138,7.05823,6.30771,6.91268,6.92989,6.39758,550.23273
7.41863,6.69092,6.18599,6.71385,7.98826,6.41860,7.01869,6.72100,7.57854,6.74462,610.11700
6.16061,7.97461,6.28859,7.25717,7.92529,7.33701,6.88223,6.22511,7.10917,7.40772,570.25360
7.10398,6.31431,7.55138,7.52416,6.79267,7.87277,6.58239,7.10038,6.78545,7.51228,584.59705
7.49797,6.20407,6.20319,7.68396,6.91792,6.19145,6.10256,7.93661,6.91246,7.68110,587.49188
6.68123,7.07307,7.65571,6.96981,6.33024,7.58101,6.30682,7.21247,7.80612,7.41599,570.97119
6.62019,6.91010,7.73030,6.17157,6.43426,6.52297,6.04434,7.01665,7.62336,6.82979,536.00616
6.52893,7.12132,7.03386,6.73212,6.80528,7.95178,6.92357,6.90785,7.88839,7.83603,599.60132
6.58895,6.56961,6.90909,6.24467,7.53943,7.23933,7.82567,7.84625,6.45180,7.63179,667.51068
7.26224,7.07199,6.54189,6.99254,7.24357,6.97616,7.51551,7.28790,7.99280,7.13887,669.01013
6.11769,6.52173,6.26019,7.15155,7.25385,7.06548,7.10333,6.17742,7.97332,6.99172,586.73517
6.01344,6.56227,7.56133,6.92254,6.80694,7.10076,6.16187,6.63261,6.94701,6.61367,519.02625
6.26440,6.20924,7.68566,6.80630,7.20178,6.92923,7.78245,6.71730,6.21713,7.77526,629.71252
7.85616,6.33482,6.29699,6.11636,7.48637,7.55084,7.18184,6.58970,7.72825,7.15516,622.76147
7.58142,7.74170,7.71743,7.14275,6.66424,6.52437,6.24351,6.82611,7.15698,7.19052,570.80627
7.43978,7.42139,7.39976,7.12545,6.22769,6.60154,6.05468,6.01014,7.31884,6.27181,534.27631
7.78540,7.17500,6.60663,6.08239,7.29136,6.09300,7.63322,6.47320,6.68270,7.36148,642.48199
7.62836,6.26412,7.10318,7.34580,7.40687,7.76742,7.87017,7.65038,6.59353,7.02715,697.43860
6.84090,6.03331,6.44854,6.24066,7.15876,6.67623,6.84221,7.21343,6.68637,6.16104,579.90131
7.48524,6.47177,7.33605,6.09187,6.55416,6.62741,6.18487,6.18738,7.10061,6.86756,531.30688
7.54885,6.72898,7.13168,6.65203,6.07478,6.53855,6.41944,7.94494,6.18893,7.01297,589.90942
6.97210,7.02983,7.04628,7.42064,7.27049,6.20504,6.09687,6.11270,7.41847,6.78324,533.57367
6.27374,6.90372,7.25501,7.60979,6.99558,7.80916,6.23720,7.18045,7.99654,7.33782,566.40948
6.04801,7.54539,6.06679,7.17970,6.19742,6.14157,7.71825,6.61686,6.08651,7.90718,624.62976
7.62983,7.05861,6.93701,6.67612,6.47925,6.20750,6.88116,6.57612,6.32019,6.29963,586.55560
7.35935,6.59393,7.20334,6.61436,6.20372,6.19893,6.42352,6.44092,7.37938,6.42006,558.22272
7.77874,7.42739,7.96545,7.84553,6.60709,6.16287,7.98710,6.32533,6.77974,6.07361,686.49597
6.23251,6.40957,7.13222,7.16952,7.08568,7.61147,7.37701,7.96684,6.18759,7.69720,636.37549
6.26647,7.54694,6.29114,7.46981,6.16130,6.49486,7.66874,6.58482,6.93578,7.04812,636.26678
7.00488,6.71452,6.47551,6.97034,6.56005,7.08260,7.13321,6.54715,7.40793,7.91294,608.76929
6.62077,7.64044,6.32251,7.75299,6.80996,7.40820,7.36446,6.18697,7.37504,7.55205,620.46399
7.88417,7.64151,7.09900,6.17531,7.11132,7.26030,6.67017,6.78006,7.84512,7.60595,601.80078
7.82818,6.85001,6.32047,6.30370,7.82034,6.88053,7.38630,6.95355,7.42768,6.79423,645.91565
6.86649,6.04845,6.43468,7.18900,7.80143,7.24463,6.59720,7.16590,7.43160,7.97224,585.57593
6.71795,7.31577,7.61374,7.81695,7.49109,6.72506,7.07725,6.16125,7.50513,6.92237,602.10626
7.76720,7.33331,7.77238,6.08768,7.63701,7.59272,6.96820,7.02330,6.54627,6.39588,606.03571
7.81754,7.41276,6.44432,6.25221,6.60176,6.24576,7.49684,7.19896,7.41166,6.92845,662.42456
7.17120,6.12961,6.24422,6.78494,7.94656,7.73531,7.51000,7.02380,7.89656,7.01513,651.87634
7.94617,7.66376,6.34844,7.71855,7.75144,7.98544,7.31127,6.71964,7.00875,7.85754,652.49207
7.11552,6.82628,7.27030,7.55985,7.07850,7.87206,7.80561,6.57534,7.07101,7.21726,664.23236
7.50379,6.24221,7.34687,7.74801,7.02715,7.29342,7.48332,6.53715,6.31723,7.37988,637.54797
7.55228,6.26340,7.04364,7.90072,7.98195,6.79508,7.88616,7.29322,7.51473,6.89491,704.86963
7.15076,6.63025,7.72119,6.42106,6.19010,6.79969,6.29312,7.99570,7.37503,7.36413,588.38947
7.21297,6.87882,7.60634,6.55983,6.62683,6.63348,7.85326,6.11015,7.17063,6.17048,647.05249
7.49003,6.72291,6.43389,6.53368,6.62362,6.41584,7.32876,6.50979,7.70906,6.84349,628.77582
7.40469,6.85983,7.47374,7.12589,7.28088,7.66383,7.92557,7.57400,7.65953,7.30060,709.13446
6.93813,6.87250,6.17942,6.54446,7.43233,6.80625,7.17795,7.28559,6.91641,6.34858,616.65735
7.45608,6.40644,7.07149,7.88996,6.94011,7.69511,6.30580,6.26888,6.20490,6.01486,546.69366
7.11236,7.60959,6.87468,6.58610,6.73547,6.15557,6.24993,6.66105,7.72957,7.90947,558.66113
7.96165,6.66769,6.78197,6.14107,7.21215,6.21430,6.94733,6.39010,7.49989,7.86373,603.98102
6.73868,6.95596,6.27017,7.81016,6.84592,7.21029,7.50527,7.15172,7.47916,7.71017,657.47900
7.16658,6.59153,7.31976,6.04126,7.17763,6.05523,6.19683,7.42756,6.71628,7.92639,555.19989
7.33703,6.67793,6.59409,6.11899,6.81901,7.80624,6.33329,7.76633,6.19634,7.83318,570.55707
7.63007,6.93502,6.78914,7.90024,6.74518,7.63507,7.11052,6.25045,6.78679,6.58968,614.01508
7.96062,7.95337,7.18121,7.28038,7.99463,6.35884,7.33561,6.19146,7.78640,6.05189,644.36768
6.11785,7.12342,6.72982,6.71194,7.24242,7.54883,6.51818,7.57571,7.31516,6.71452,572.78467
7.40889,6.94523,7.64954,6.19803,6.84547,6.39472,7.83310,7.95599,6.64517,6.61989,689.65356
6.54567,6.60579,6.57326,7.72688,7.88617,6.56788,6.08572,7.22179,6.75934,7.87212,548.45117
7.27368,6.87719,6.99554,6.00350,7.58913,6.23796,7.55233,6.10730,7.81367,6.86749,628.36102
6.82182,7.22256,7.81272,6.47136,7.42059,6.65819,6.86607,7.25369,6.61417,7.51124,592.49219
7.87358,7.15984,6.11703,6.44684,6.88673,6.00321,7.01472,6.97245,7.22499,7.77406,622.51752
6.84457,6.49867,6.65125,7.84011,6.50217,6.24038,6.07807,6.05450,6.34768,7.89174,519.95068
6.92200,7.16950,7.11430,6.73471,7.64085,6.53488,7.39290,6.50693,7.78857,6.00707,625.88885
6.01817,7.66215,7.16692,6.13520,6.10899,6.05365,6.13841,7.12371,7.02610,7.36341,528.95496
6.89777,7.87066,7.86208,7.54902,7.71078,6.36425,7.78939,7.78885,6.41875,6.13707,685.92645
7.68059,7.34075,7.30656,6.79489,6.07546,6.94742,7.32977,7.46836,7.45434,7.11834,661.63263
7.47543,7.47251,6.78049,6.64235,7.60772,6.88948,6.69600,7.74613,6.01319,7.72209,602.64978
7.10954,6.91095,7.59276,6.97161,6.45997,7.30353,7.33586,6.24935,7.09238,7.75461,615.75153
6.38642,6.77297,7.09536,7.69298,7.56786,7.17082,6.64040,6.89763,6.63918,6.09474,567.80389
6.01597,6.11461,7.56726,6.79646,6.75696,7.17497,7.68594,7.45296,6.92110,7.69913,645.19348
7.17505,6.03064,6.61008,6.76781,7.00225,7.07004,6.07134,6.33811,7.31940,7.16373,529.45520
6.09272,7.70582,7.93670,7.18808,7.39881,7.50456,6.35889,6.03921,6.40219,6.99807,520.10602
6.13395,6.41816,7.11268,7.70120,7.21462,7.86965,6.87618,6.90056,7.32261,7.79728,589.65125
6.59969,6.49766,7.82792,7.20977,7.26547,6.83017,6.27981,7.33681,7.16828,7.59921,563.97015
6.50054,7.26100,7.30503,6.43724,6.44908,6.70384,7.94180,6.80797,6.74304,6.34399,652.59747
7.80605,6.87699,6.76215,6.91873,6.57820,7.97677,6.78838,7.45437,6.87733,6.11099,615.36890
7.25165,7.47702,6.60865,7.07957,6.68679,7.87412,7.90974,6.96660,7.21093,7.07802,683.24194
6.56582,7.71147,6.33902,7.87085,6.14872,6.78810,6.57469,6.09052,7.59607,7.31773,566.06262
6.43451,7.40212,6.19473,7.19666,6.32085,6.77292,7.17342,7.10923,6.22729,6.05075,601.92535
7.22021,7.47895,7.52777,7.82886,6.55852,6.21456,7.70298,6.46826,7.18116,6.91391,662.52057
7.54628,7.74698,6.62538,7.88530,7.61783,6.77410,6.67340,6.19252,6.86462,6.26947,583.98541
7.51025,7.29913,7.67159,7.70498,6.49579,7.99244,6.47790,7.66921,7.10167,6.70520,610.18085
7.71996,6.32189,6.18414,7.24774,6.15075,6.74266,7.46230,7.85372,7.21092,6.64346,678.93164
6.76763,6.75720,6.39044,7.39302,6.64250,6.00826,6.16712,7.31590,6.20078,7.03174,548.30389
7.58537,7.71104,6.33087,7.25697,7.41602,6.82666,7.24941,7.89392,6.49587,6.35109,658.04852
6.59911,6.21584,6.67297,6.78326,7.46357,6.82372,7.52592,6.92587,6.67744,6.73685,624.18604
7.56933,7.44508,7.49405,7.95976,6.83809,6.13655,7.96803,7.00521,7.45245,6.16881,707.61597
6.03695,7.03782,7.87985,6.36782,6.29479,7.29586,7.19448,7.54420,7.18978,7.69036,614.42499
7.89529,7.78890,7.90620,6.56826,6.57216,7.36977,7.39198,6.09808,6.29564,6.06943,618.75232
6.83493,7.86497,7.51450,6.32897,7.82473,6.35260,6.46552,7.79276,7.35781,7.91796,591.98743
7.96157,7.39476,6.95578,7.84141,7.76258,7.25057,7.13728,6.95707,6.79477,6.32705,641.74341
6.64743,6.69006,6.11595,6.55362,7.25832,6.68811,7.92340,6.65030,6.78618,6.21904,647.88501
6.71972,7.62111,6.08401,6.23423,7.95008,7.90874,6.58683,6.41560,7.70150,7.94463,561.73987
6.33356,7.66307,7.33939,7.28934,7.50448,7.10198,6.53991,6.64176,6.05904,7.33468,548.09894
6.96881,6.70647,6.02473,7.08476,7.26009,7.28305,7.77287,7.18349,7.93335,6.55905,677.09393
7.40253,6.65307,6.18016,7.48654,6.88730,6.13024,7.39529,7.47412,6.54584,7.09679,653.41150
7.41876,6.87940,6.75986,6.75815,6.16875,6.26434,7.86013,6.70865,6.90610,7.91917,668.15222
6.04333,7.87492,6.62564,6.06807,6.95968,7.88573,7.35112,6.73254,7.06922,7.28447,600.95044
7.29159,6.47175,7.93754,7.47176,7.95829,6.82484,7.60200,7.35358,6.29896,6.14784,659.28241
6.45037,7.71772,7.02725,7.21023,6.47588,7.19599,7.47458,6.33601,7.90465,6.38068,628.07343
6.25518,7.94798,6.25559,6.88082,6.01605,7.21527,6.76655,7.36717,7.94782,7.83577,600.92694
6.65163,7.23941,6.30753,6.58917,6.71117,6.26582,7.41400,6.31317,7.61940,7.71297,616.55634
6.46101,6.06977,7.43069,7.48826,7.28000,7.90657,6.68425,6.75457,6.24257,6.58889,559.69391
7.13525,6.49775,6.53687,7.39085,7.37857,6.55292,6.60612,6.14513,7.92009,6.55393,572.84906
7.98091,6.57172,7.79334,6.28843,7.16089,6.50451,6.55425,6.57489,6.81768,6.17365,572.70599
6.28786,7.27869,6.24342,7.71855,6.76695,7.52342,7.62511,7.45119,6.27800,7.86769,651.75378
6.04009,7.41325,6.36544,6.57696,6.80409,7.74402,7.12988,7.41021,7.88914,7.04997,615.77747
7.96415,7.87005,7.62169,7.75749,6.15848,6.78257,6.26200,6.71273,7.35746,7.07969,586.84888
6.88638,7.64532,6.35838,7.12980,7.36387,7.12532,6.65322,6.98898,6.57652,6.93122,577.91150
6.85667,6.61660,6.34446,7.22211,7.19356,7.14856,6.96612,6.32345,6.55877,6.85527,578.09686
7.37341,6.52292,6.72532,6.99510,6.28041,6.88379,7.77767,6.54241,7.59653,7.13513,664.67889
7.62210,6.48291,6.78046,7.98047,7.61271,6.14432,7.10580,6.26593,7.13331,7.68231,619.54041
7.19715,7.98997,6.29892,7.54161,7.21208,7.49248,6.69017,6.17820,7.81593,7.24894,588.06403
7.03347,7.18934,7.77186,7.75878,6.18444,6.05226,6.64258,7.96211,6.59468,6.23911,612.85535
7.09724,6.21677,6.72201,7.87770,6.19725,6.33472,6.02202,7.30304,6.60065,7.15533,554.65326
6.98535,7.79780,7.14530,7.28427,7.33941,6.35738,6.77675,6.02958,6.53559,6.59268,565.91949
7.27852,7.56906,7.78202,7.05038,7.32784,7.96646,7.10264,7.97042,7.92857,7.69732,662.58466
6.20952,7.02581,7.91409,6.93154,6.90351,6.11134,7.26626,6.92553,7.41438,7.86692,615.04846
6.08086,6.39973,7.66472,7.22616,7.68401,7.00413,7.58355,6.46076,7.03372,6.11913,616.52142
7.05344,6.31224,7.68819,6.83547,7.36262,7.01603,6.80193,6.46527,6.98644,6.73050,575.12183
6.16259,7.19597,7.75631,6.07668,6.12751,6.65982,6.18802,7.39377,7.58535,7.60240,547.65302
7.26068,7.66621,6.00213,6.92540,6.89238,7.68614,7.92953,6.47592,6.14690,6.96325,657.50537
6.59505,7.20035,7.27549,6.28324,6.03581,6.63811,7.29927,6.83774,7.10338,6.28571,608.74323
7.56824,7.26597,7.48168,7.32455,7.34265,7.60919,7.98438,7.53066,7.00296,7.56973,712.15430
7.13306,6.26364,7.23595,7.13520,7.18904,6.12832,6.82134,7.11858,6.60425,6.96825,593.41254
6.08183,7.19930,6.16859,7.35732,7.48254,6.20441,7.99543,6.78181,7.04215,7.09881,662.07507
7.06752,6.61039,6.36478,6.54920,7.93495,7.70743,6.15839,7.91932,7.23809,7.16135,573.87531
7.48905,6.37115,7.42499,6.72500,7.50635,6.61403,6.85332,6.32769,7.73261,7.45757,593.60303
7.29594,7.81444,6.65687,7.46453,7.17176,6.13941,7.66894,7.16719,6.92122,6.71109,672.18512
6.26601,7.98874,7.32149,6.63078,6.53794,7.25643,6.33821,6.69633,7.17576,7.57630,543.53900
7.85768,6.66481,7.94746,7.28266,7.38981,7.45381,7.89670,6.24313,7.78150,7.62931,684.88977
7.70070,7.07744,7.44375,6.35757,6.54197,6.61551,6.49698,6.21092,7.78271,7.41820,570.93011
6.92201,6.04871,7.40693,6.24350,6.67949,7.94487,7.49993,7.01770,6.64120,6.67569,624.92834
6.59401,6.49887,7.34050,6.54146,7.78154,6.73031,7.99527,7.67824,6.97344,7.77677,686.07526
7.30755,6.67415,6.85422,6.75130,7.03172,7.39619,7.36681,7.52870,7.60711,7.14952,656.77246
6.94689,6.52912,7.19823,6.35383,6.77261,7.87772,6.29870,6.27254,6.89543,6.93990,529.92194
6.94823,7.48943,7.43877,6.28872,6.03090,7.22031,7.01903,6.02617,6.89855,7.99248,577.52448
7.80294,6.20610,6.66663,6.65716,6.95739,7.69834,6.05335,6.32420,7.22704,7.66046,540.32990
7.47372,6.17393,6.18957,6.67195,6.52776,6.96218,6.54967,6.82646,7.23472,7.44510,576.76031
7.76636,6.18295,6.93453,7.20513,6.47168,6.96543,6.42544,7.49071,6.99160,7.32399,595.97913
7.48319,6.79454,7.53008,6.14982,7.45170,6.48748,7.84816,7.50504,6.81168,7.07520,681.28522
7.16550,6.28540,7.24913,7.35507,6.95735,7.77689,6.31725,7.50702,6.60335,7.55198,575.32050
6.95211,6.36971,7.73493,7.88665,7.57484,6.20660,6.85208,6.00028,7.69732,7.84367,588.59052
7.32427,7.18050,6.63821,6.85435,7.33032,6.08990,7.34183,7.17848,7.59495,6.15351,646.41602
6.25367,6.76045,6.43891,7.50281,6.11552,7.39626,7.27970,6.43277,6.90327,7.88305,601.75177
7.98475,7.85539,6.25276,7.71968,7.74203,7.82760,7.92628,6.59411,7.82789,7.62360,707.44537
6.43778,7.15216,6.80410,7.07599,6.00651,6.13442,7.16589,7.34834,7.31290,6.76084,620.98578
7.50185,7.56657,7.52129,7.94076,7.06938,7.63681,7.33702,6.34908,6.06958,6.24029,624.49408
6.23213,6.05433,6.09568,6.48489,7.77401,7.83772,6.31250,7.70029,6.43183,6.14038,545.92737
7.32389,6.86961,7.29254,6.12799,7.94559,7.29905,6.26241,7.11149,6.64739,7.57531,554.21637
7.87233,6.14924,7.14188,7.39361,6.09001,6.21126,7.03042,7.42703,6.56034,7.10000,633.59393
7.66732,6.79247,7.15433,7.76300,7.27737,6.92834,7.60072,7.58987,6.62862,6.03255,681.18573
7.73025,7.95251,6.90215,7.02279,6.08050,6.84775,6.32184,6.34291,7.95924,6.96923,574.89276
7.91822,7.83156,7.11847,7.06011,7.22518,7.20848,7.27137,6.25560,6.63551,7.83171,626.53705
7.35560,6.30283,6.62419,6.50993,6.06583,7.90155,7.43826,7.66655,7.49142,6.06689,659.06836
7.69910,7.22167,6.01940,6.60125,6.24445,6.09990,7.44900,6.56629,6.44281,7.40824,631.09613
7.53552,6.36103,7.23980,6.65400,7.42114,6.46498,7.86248,6.69251,6.72057,6.49799,662.50226
6.52423,6.07617,6.80081,7.14841,6.58610,6.86664,7.04996,6.02436,6.53319,6.54138,566.79535
6.09125,6.23229,7.76305,6.11065,6.83354,6.00750,6.21055,6.28254,6.57379,6.65336,500.73059
7.69078,6.10932,7.01439,6.93058,6.76332,6.43554,7.39555,6.62580,7.12805,6.11613,634.38336
7.12378,7.65228,6.19230,7.92459,6.80069,6.77840,6.79124,7.85065,6.80276,7.32443,628.44531
6.39203,6.89400,7.55672,6.15508,7.00465,6.39026,6.16258,7.21520,6.67280,6.73637,531.77332
7.86856,6.36358,6.84569,6.88295,7.29416,7.60901,7.31848,6.68971,6.23481,6.44654,624.08606
6.80584,7.35859,6.09881,6.99814,7.28318,6.89950,7.77653,6.07442,6.75015,6.57929,632.80396
7.39885,7.14218,7.47329,6.95556,7.29726,6.47794,7.34582,7.45984,7.69314,6.01862,658.67847
6.19621,7.56170,6.38220,7.04190,6.44464,7.67635,6.65091,7.76313,6.36606,6.88572,581.89343
6.20966,7.17190,6.24431,6.30848,6.17004,7.52749,7.20797,7.94657,7.60191,7.95812,634.07825
6.52586,7.00075,7.10030,7.99915,7.95632,6.39756,6.47710,7.30214,7.85740,6.17024,590.58392
7.32076,6.05361,7.73193,7.70296,7.09552,6.17658,7.37931,7.74643,7.93971,7.74538,678.64496
6.63215,6.14937,6.91728,6.87646,6.45785,7.08731,6.40395,7.66582,7.03388,6.00586,570.81781
7.62394,7.55974,7.00661,6.72424,7.55890,6.96293,7.12180,6.03599,6.26507,6.97920,593.23737
6.20623,7.58583,7.03281,7.93817,7.28879,6.12833,6.11475,6.66811,7.87476,6.05445,546.44055
6.41348,6.50692,6.20383,7.33076,7.38337,6.66168,6.41808,7.78732,6.32750,7.45196,570.95477
7.79318,7.95144,7.01170,6.79979,6.67568,6.57060,7.76272,7.79748,6.60659,6.02779,695.46619
6.77669,6.81283,7.61363,7.80950,6.75099,6.90242,7.93783,6.86574,7.57053,7.81260,686.13751
6.92019,7.98401,6.31951,7.12402,7.31477,7.70289,7.78570,7.73285,7.49021,6.11319,691.76166
7.18480,7.28339,6.06463,6.19651,6.08318,6.74031,6.76711,7.84590,6.53780,7.37370,604.06415
7.87369,7.31448,6.18653,7.48732,7.12398,6.93752,6.38974,7.06182,7.80326,7.96026,602.68579
6.87442,6.72345,7.94427,7.19393,7.84747,7.25904,6.89681,7.63316,6.99189,6.38702,614.43640
7.74636,6.17669,7.67041,7.81099,6.37320,7.75359,6.55130,7.14031,7.59949,7.08910,609.03662
6.51401,7.47319,6.40358,6.70053,6.96051,7.52756,7.63805,7.35024,6.58938,7.44131,646.68793
7.31051,7.46380,6.16475,7.25478,6.65773,6.01222,6.51382,7.55454,7.64539,7.50571,607.54395
7.94156,7.39174,7.68241,7.61197,7.20273,6.05561,7.36556,7.75403,7.19592,6.96506,683.99628
6.84313,7.70993,6.43824,7.24670,6.41046,7.39875,6.77427,6.04851,6.74899,7.36365,566.07086
7.48982,6.05950,6.82745,7.65458,7.31428,7.48518,7.66680,7.82810,7.03972,7.31219,692.42871
7.33382,6.98128,6.70393,7.01622,6.59325,7.90666,7.07183,7.95882,7.66069,6.26775,651.11365
6.92388,6.50382,7.97768,7.36212,7.75052,6.38814,6.76087,6.52479,6.43666,7.50986,572.95850
7.88844,7.92648,7.56936,6.71589,7.58106,6.88364,6.20106,7.24786,6.71174,7.24078,576.36951
6.56004,6.04556,6.22206,7.26397,7.06179,6.81531,7.17063,6.13362,6.77413,6.83132,582.82593
6.40137,7.69800,7.33514,6.37905,7.06012,7.08566,6.76719,7.82099,7.61045,7.20385,605.78418
7.33085,7.49889,7.13033,6.90021,6.21478,6.71138,7.78385,6.41584,7.95924,6.49560,667.71002
7.65662,6.51928,6.54116,7.87867,7.78326,7.60295,6.69398,6.95389,7.73657,7.46811,615.18579
7.78521,6.13794,7.16612,7.12035,6.51699,6.22624,6.20602,7.28418,6.04723,7.81646,565.37195
6.48803,7.37809,7.31535,7.61836,6.27830,7.53013,6.32975,6.06215,7.94596,6.28899,547.05945
6.55775,7.60258,6.80827,7.09891,7.48125,6.59153,6.70186,6.17524,7.54541,6.43843,565.05627
7.64335,7.33063,6.57637,6.80947,6.45098,7.09336,7.03571,6.65700,6.37754,7.08294,604.06287
6.47346,6.86558,6.46103,7.78881,6.48394,6.73932,7.31894,6.81368,6.80148,7.26490,619.84290
7.10267,7.35923,6.86748,7.91094,6.45814,6.34874,6.50247,7.16000,6.52398,6.04788,582.92633
7.59843,6.16733,7.37851,6.17480,6.97680,7.82949,7.26816,6.01250,6.48649,7.64570,595.91888
7.09544,6.95995,6.51128,7.55647,6.74876,6.99521,6.29579,6.06770,7.80890,7.09727,553.58459
7.33261,6.91157,6.45649,6.20009,6.82252,6.91464,6.54883,7.32498,6.07464,7.07280,570.59747
7.37287,7.67307,7.24013,6.75138,7.84786,6.21693,6.58087,7.11602,6.22943,7.06736,579.18481
6.76172,7.32487,6.02731,7.27299,6.88134,6.77608,6.26821,7.17714,6.84378,6.07711,557.19226
6.27440,6.17639,6.98868,6.73090,6.37648,7.81120,7.64553,6.92530,7.13618,7.72017,634.30798
7.99811,6.50904,7.39323,7.23824,7.26042,7.24110,7.45517,7.84129,6.35711,7.68460,677.30145
6.90865,7.11883,7.00947,6.93597,6.39182,7.89082,7.71204,6.66003,7.06795,6.55582,647.52954
6.73714,7.34236,6.73221,7.72582,6.07326,7.10869,7.53701,7.71879,6.03399,6.67319,656.68414
7.43896,6.03210,7.18224,6.83219,7.27034,6.44266,6.07329,6.72551,6.28395,6.43040,531.76001
6.41010,7.19260,7.54923,7.41958,6.12857,7.94105,7.31039,7.84061,6.60109,6.37835,639.96753
6.39643,7.33822,7.72070,7.12865,7.06404,7.79396,6.23733,6.60106,7.51275,6.27132,541.95923
7.27425,6.95171,6.30342,6.45649,7.78390,7.57376,6.89915,7.85719,6.29926,7.18309,613.43341
6.28760,6.70937,6.37570,7.83683,6.12895,6.50426,7.77788,7.43934,6.34487,6.37897,660.29456
7.81769,6.74131,7.71719,7.53839,7.86995,6.78124,7.33235,6.10729,7.38230,6.84510,634.19922
6.37861,6.65655,7.79681,6.68203,7.11304,7.58071,6.25579,6.01218,7.43791,6.55505,520.38190
7.71919,6.65039,7.16141,7.43638,6.18878,7.03137,6.21762,7.52113,7.13865,7.59992,589.80408
6.36623,7.51726,6.25646,6.16304,6.19929,7.36950,7.74375,6.45507,7.38168,7.18166,632.34778
7.01013,6.57696,6.90716,6.27454,6.14793,6.46950,7.66791,6.22316,7.80971,6.50061,635.25458
6.64326,7.52890,7.15100,7.80468,6.96529,7.33978,6.83605,7.18291,6.86091,7.97470,604.42957
6.78282,7.22714,7.49196,7.03929,7.39018,7.69125,6.40879,7.13393,6.14632,7.79047,558.72131
6.31559,7.15645,6.36743,7.22275,7.43099,6.51536,7.69224,7.09890,6.73852,7.50196,646.57965
7.59951,7.38178,7.03086,6.75052,7.18646,7.99615,6.09030,6.02251,7.17906,6.95121,535.03326
7.99721,7.96188,6.17835,7.48917,7.00117,7.56853,7.18042,7.40996,6.70246,7.32674,656.02667
7.20043,7.01804,6.48319,7.56786,6.24079,7.91418,6.08322,7.93303,7.01308,6.82174,581.83917
7.43499,6.61260,6.20352,6.46585,7.36312,7.38998,6.46200,7.45342,7.41248,7.64106,589.38239
6.40463,7.40969,7.60294,6.58298,6.89886,6.60411,6.15151,6.07927,6.01407,6.85397,500.90079
7.40601,7.21451,7.87201,7.88920,6.78237,6.11280,7.80338,6.86559,6.04583,6.81646,670.17322
7.68732,7.48082,7.42906,7.89084,7.94668,6.79218,7.28082,6.40868,6.24560,6.69330,627.68640
6.04974,6.65023,6.10299,7.65268,7.23321,7.00185,6.25679,7.38473,7.08112,6.27086,553.73132
6.23870,6.48713,7.48537,6.11071,6.37632,6.26773,6.22351,6.17970,7.13332,6.26934,508.63867
6.99617,6.82064,7.75017,6.42523,6.71148,7.69685,7.21741,7.99230,6.10553,7.46301,633.05927
6.68561,6.15526,6.11324,6.78860,7.80794,7.34645,7.79044,6.06473,6.73118,6.87156,624.60858
6.33560,6.96988,7.35869,7.82096,7.08059,7.73501,6.08870,7.30409,7.91471,7.22202,563.40411
7.57343,6.91088,6.04266,7.32360,7.33611,6.75415,7.02045,6.55352,6.74645,7.12597,606.96381
6.01652,7.43206,7.28124,6.12976,6.22065,7.08918,7.47622,6.01110,7.15392,6.20740,590.15851
6.88266,7.48951,7.17728,6.24134,7.31048,6.25787,7.97635,7.39917,7.56196,7.89107,690.73895
6.62119,7.13540,6.80195,6.66386,6.45900,6.13806,7.41800,7.47944,6.69157,6.16446,633.10730
6.60541,6.70810,7.59651,7.88665,6.83786,7.81717,6.97583,6.31408,7.82826,6.12975,597.43140
6.52148,6.71092,7.61926,7.69876,6.95226,6.92974,7.95662,6.92862,6.32891,7.51858,666.66241
6.81968,6.95010,6.65398,7.62163,7.61396,7.11298,7.75969,7.03196,6.59242,6.45126,659.85718
7.19642,7.19783,7.15936,6.79293,7.08449,7.99722,6.61010,6.06032,6.31130,6.43836,548.86090
6.19007,6.83277,7.14928,7.80933,6.53153,6.10154,6.73907,6.48816,7.03016,7.06798,568.63531
6.00674,7.84984,6.01808,6.66072,7.47148,7.63204,7.77369,7.23116,6.66400,6.36611,643.85352
7.68242,7.86042,7.56395,6.84178,6.65335,6.64843,6.83900,7.26345,6.70875,7.15029,614.92426
7.70181,6.89882,7.98307,6.85109,6.70815,6.51460,6.95263,7.44721,7.00276,7.98279,630.15326
6.51519,7.00950,7.83264,6.53327,7.67021,7.30411,6.16531,7.44391,6.53527,6.82931,543.58801
7.81002,6.21770,6.68973,7.37397,7.05948,7.34308,6.02240,7.89847,6.60653,6.73115,579.25439
7.04877,6.30835,7.62998,7.03183,7.15944,6.33812,7.54643,6.11207,7.78534,6.54919,631.44586
6.09486,6.30053,7.55868,7.92750,6.83380,7.22890,7.23161,6.99910,6.67281,7.76689,611.20105
7.82841,6.48283,7.98459,6.51814,7.85680,7.04406,7.86122,7.87920,6.94254,6.46775,703.38513
6.61036,7.99130,6.77610,6.24033,7.02314,7.93554,6.57845,6.56957,6.04761,6.36379,541.61987
7.11876,6.14248,6.66432,6.67744,6.06998,7.49812,7.90634,7.30159,6.49722,6.57914,669.89410
7.06848,6.32562,7.06197,7.05306,6.84376,6.91877,6.09713,6.70498,6.79797,7.03967,536.14447
7.17274,7.40833,7.03097,7.94883,7.64866,6.05411,7.88437,6.22711,6.62367,7.93198,665.54987
6.59091,7.74243,6.07446,7.25523,6.41987,6.14444,6.75334,6.32621,7.44603,7.25056,574.81781
6.90535,6.51451,7.57618,7.96733,7.56757,6.41995,6.88610,7.66470,7.12493,7.68407,627.33917
6.70436,6.29766,7.09239,7.73533,6.24650,6.74105,7.78944,6.13087,6.96816,6.41311,640.75275
6.06285,7.55907,6.15554,6.13731,6.81429,6.57542,6.28175,7.56764,6.90162,7.72778,548.65027
6.81819,7.80698,6.24228,6.39438,7.77430,7.80985,6.81432,6.66040,7.47455,7.93925,584.73981
6.34446,6.17891,6.23691,7.43686,7.91424,6.48341,6.17791,7.70368,6.61428,7.14607,554.97522
6.11679,6.67713,6.70513,6.27234,6.81444,7.51942,6.84775,7.09619,7.08706,7.74937,574.55194
6.82396,7.90525,7.55635,7.06624,6.29963,7.33066,6.87609,7.11395,7.99106,6.35064,613.15332
7.05320,6.33552,6.52955,7.29011,7.77238,6.44380,7.77352,7.95028,6.14748,6.38779,679.15161
7.09635,6.26427,7.06492,7.80148,6.53661,7.87936,7.32090,7.38436,6.97555,6.40796,646.25342
7.13373,7.79951,6.31321,6.69008,6.86575,6.61284,6.02074,7.74184,7.72679,6.01180,571.75507
6.09248,6.77999,6.34732,6.62204,6.07011,6.11969,7.06583,7.84362,6.06997,7.21331,600.12512
6.23142,7.16632,7.47758,7.29634,6.96780,6.01419,7.17570,6.28870,7.39854,6.15125,593.23151
6.69666,6.53228,7.95075,7.00987,7.22236,6.81650,7.62271,7.24310,6.55834,7.34951,646.64496
7.25490,6.65083,6.12950,7.60221,7.27287,6.19960,7.72191,6.33870,6.04323,7.79188,641.83112
7.55201,6.27465,6.95820,7.02959,7.57099,7.92600,7.04378,6.74669,6.21470,6.44232,600.34082
6.89793,6.91136,6.97460,6.84868,7.92124,6.19696,7.66519,7.54395,7.44006,6.22353,669.59210
6.89346,6.69496,6.87436,7.02295,6.29717,6.14723,7.22256,6.01908,6.48593,7.26579,588.17261
7.81096,6.03794,7.54043,6.76916,7.06753,7.11142,6.69517,6.11130,7.85811,6.90987,584.03503
6.55362,6.75604,7.82123,7.52822,7.60472,7.74247,7.72518,7.26991,7.28642,7.16524,667.74646
7.49344,6.17987,7.86019,6.36781,7.20283,6.15736,6.51503,6.42539,6.17644,7.00096,549.33344
7.69118,7.98740,7.03890,7.23161,6.75656,6.10642,6.34303,7.45173,6.21772,6.20114,583.98309
6.36160,6.77135,6.95718,6.18283,6.29957,6.56191,7.92529,6.02474,7.83182,7.21171,639.57263
7.18998,7.32526,7.39158,7.05017,7.69307,6.59441,7.20753,6.20810,7.01979,7.38397,607.70508
7.20906,6.71097,7.37137,6.24796,7.94258,6.12794,6.35438,6.28561,7.57966,6.57211,546.64429
6.48675,7.94126,7.34345,7.44393,6.12408,7.64302,6.00584,6.04938,7.66776,7.83766,526.58990
7.26108,6.85774,7.16292,6.65266,7.90791,6.85599,7.24707,7.11544,7.06410,6.26686,627.20361
6.49942,6.27316,6.97783,7.87079,6.52112,6.92041,7.99872,6.87551,7.20603,7.57839,678.81030
7.44762,7.69278,7.51965,6.79107,7.13672,7.64373,6.43409,7.14256,7.69311,6.10186,588.84204
6.98022,6.95419,6.95960,6.14314,7.60685,6.86751,6.99913,6.85392,7.98295,6.06323,603.17487
7.12078,6.48237,6.33639,6.09862,6.35316,6.85751,7.01903,6.35189,7.73302,6.22505,588.78790
7.93027,7.18063,7.91784,7.44992,7.97170,7.05455,7.09365,6.40580,6.19711,6.78676,612.89246
6.50765,7.17732,7.74095,7.46725,7.32046,7.34781,6.33476,6.31959,6.20173,6.31771,530.27057
6.38282,7.32251,6.80008,6.71921,7.42113,7.15324,7.57672,6.44016,7.50513,7.30974,626.70667
6.66521,7.43540,6.49038,6.58305,6.88533,6.46208,7.63760,7.97898,6.86788,7.83470,670.27026
6.76574,7.37553,7.01203,6.50669,6.84278,6.33249,7.85450,7.17754,6.65208,6.05623,659.81293
7.49525,7.03490,7.37874,6.29533,7.75412,6.79987,7.44858,7.33084,7.24002,6.95371,653.46930
6.64058,7.90523,6.38911,7.13096,6.48828,7.27444,7.59304,6.12588,7.25342,6.46091,626.69891
7.96058,6.01916,7.83644,6.97261,6.52585,6.67922,7.30510,6.38035,7.85675,7.95718,640.96765
6.43658,7.35200,6.99209,7.81532,7.64734,6.74620,6.61518,7.09591,6.07704,7.85521,572.72198
6.04962,6.71763,7.76044,6.43873,7.84858,6.24872,7.71317,7.44162,6.37460,6.96659,638.29132
7.90253,6.33518,6.98574,7.73898,7.30779,7.51160,6.41819,6.61289,7.89195,6.27495,591.00012
6.57007,6.32853,7.62695,7.56216,6.14384,7.27428,6.30837,6.75902,6.37020,6.38541,540.70569
6.61423,6.41982,7.10304,6.37467,6.85855,6.95162,6.62339,6.57172,6.39324,6.99798,545.51691
7.53830,6.29577,7.33316,6.52404,6.03475,6.64094,6.03564,6.45294,7.25383,7.92759,537.47906
6.72789,7.82390,6.25611,6.35484,7.38606,6.39996,7.62912,7.69443,7.15898,7.99932,665.61200
6.07984,7.77321,6.41914,7.18288,6.14788,7.27768,6.13450,6.77127,7.84940,6.52774,539.86926
7.76925,7.38770,6.82351,7.10241,7.91175,6.85826,7.74335,7.94739,7.31120,6.99718,709.27057
7.87498,6.03909,6.82108,6.13109,6.39392,6.20715,6.53105,6.02304,7.90157,7.69003,567.31390
6.02236,7.98141,7.46324,6.44150,7.16429,7.61112,7.71918,7.29879,6.38238,7.56858,640.44159
7.82652,6.15163,6.95628,6.65003,7.25403,6.86802,7.50829,6.99738,6.81541,6.81950,649.95447
7.99456,6.69039,6.85858,6.81565,6.82148,7.25251,7.02279,7.35253,7.27555,6.92437,637.53357
7.04255,7.29791,6.90578,6.50579,7.73941,6.07007,6.11691,7.45859,7.36885,6.49929,560.92859
7.02717,7.19538,6.65092,7.98345,7.84541,7.90496,6.85148,7.35370,6.90234,7.66689,617.90198
6.17320,6.89690,6.35728,7.03178,7.71255,7.17876,6.28429,6.73534,6.53128,7.55984,530.34521
7.65970,7.57384,6.85776,6.56548,6.07963,6.59717,6.63555,6.19654,6.05576,6.00440,558.17993
6.69583,7.08293,7.19978,7.34675,7.06639,7.04519,7.25171,7.91786,6.39889,6.15405,638.86383
7.58475,6.57209,7.05095,7.94203,7.60387,6.76350,7.12079,7.88816,7.49883,7.65207,667.88110
7.44800,7.15854,7.22591,6.30576,7.72402,7.30554,6.90293,6.35957,7.50208,6.95869,591.70264
6.36397,6.19791,6.04162,7.56375,7.54466,7.10801,6.60893,6.79637,7.02587,7.00782,564.37335
6.95042,6.61062,7.57991,6.00137,6.55265,7.18378,6.76487,7.67344,7.07194,6.26370,595.61505
