Epoch,Actor_Loss,Critic_Loss,Regularization_Loss,Reward,External_Reward,Internal_Reward,Entropy
1,-0.013315342,0.018655837,0.015152193,-0.17461222,-0.15946004,0.015152193,-3.1862326
2,-0.016467124,0.001094485,0.023274748,-0.17833742,-0.15506268,0.023274746,-3.1862326
3,-0.0102115,0.00020770526,0.020336011,-0.17358148,-0.15324548,0.020336011,-3.1862326
4,-0.005879517,0.0004288374,0.019098243,-0.16869178,-0.14959355,0.019098243,-3.1862326
5,-0.013910622,0.0014074022,0.040445838,-0.16638015,-0.1259343,0.040445838,-3.1862326
6,-0.016133893,0.0004673105,0.021216387,-0.15341954,-0.13220315,0.021216387,-3.1862326
7,-0.01098792,0.000680139,0.031841982,-0.15064856,-0.11880657,0.031841982,-3.1862326
8,-0.01643402,0.00034928016,0.032907065,-0.17079249,-0.13788542,0.032907065,-3.1862326
9,-0.019639967,0.00030482144,0.030771771,-0.16183957,-0.13106781,0.030771771,-3.1862326
10,-0.010736308,0.00027286206,0.032801982,-0.15833086,-0.12552887,0.032801975,-3.1862326
11,-0.01330202,0.0002402941,0.037402097,-0.16092679,-0.123524696,0.037402093,-3.1862326
12,-0.012838055,0.00017159722,0.045983892,-0.1687499,-0.122766,0.04598389,-3.1862326
13,-0.016229225,0.0002626135,0.03675467,-0.16370946,-0.1269548,0.036754664,-3.1862326
14,-0.009090579,0.00040159444,0.04640779,-0.16870815,-0.12230036,0.04640779,-3.1862326
15,-0.008832944,0.00021421596,0.0500719,-0.16748607,-0.11741417,0.050071903,-3.1862326
16,-0.01254491,0.00019573652,0.04648504,-0.16713338,-0.12064833,0.04648504,-3.1862326
17,-0.006239452,0.00037782648,0.046409268,-0.17085335,-0.12444408,0.04640926,-3.1862326
18,-0.009155537,0.0007345281,0.050418038,-0.15918796,-0.108769916,0.05041804,-3.1862326
19,-0.008059397,0.00015068176,0.042110603,-0.17339101,-0.13128042,0.042110607,-3.1862326
20,-0.0149293775,0.0014158011,0.06633236,-0.17935756,-0.1130252,0.066332355,-3.1862326
21,-0.010272787,0.0005290257,0.06465682,-0.17213371,-0.10747691,0.06465681,-3.1862326
22,-0.020259669,0.0001873835,0.040247407,-0.1667037,-0.1264563,0.040247407,-3.1862326
23,-0.014236987,0.0003285153,0.052690197,-0.15895256,-0.106262386,0.052690193,-3.1862326
24,-0.008408177,0.0007651556,0.044312432,-0.16683725,-0.122524805,0.04431243,-3.1862326
25,-0.014563721,0.0006496709,0.05407739,-0.16810504,-0.11402764,0.054077398,-3.1862326
26,-0.015453187,0.00044002806,0.04065701,-0.15798807,-0.11733107,0.040657014,-3.1862326
27,-0.025662184,0.0002110176,0.0623247,-0.16626498,-0.10394029,0.062324703,-3.1862326
28,-0.018839253,0.00047795122,0.059917495,-0.1591121,-0.0991946,0.0599175,-3.1862326
29,-0.011463729,0.00013968044,0.06427672,-0.16734105,-0.10306436,0.06427671,-3.1862326
30,-0.013782292,0.0003081063,0.064372696,-0.16205955,-0.09768687,0.0643727,-3.1862326
31,-0.018878328,0.0002093576,0.061693445,-0.16511467,-0.103421226,0.061693437,-3.1862326
32,-0.0140048675,0.00014316429,0.047712315,-0.16373733,-0.11602501,0.04771232,-3.1862326
33,-0.009801746,0.00051194517,0.054904934,-0.15629657,-0.10139164,0.054904927,-3.1862326
34,-0.020042889,0.0004880262,0.077218644,-0.16534103,-0.0881224,0.077218644,-3.1862326
35,-0.0068348437,0.0002159755,0.06940526,-0.16523996,-0.0958347,0.06940526,-3.1862326
36,-0.014406272,0.0008514081,0.040512983,-0.15866506,-0.11815207,0.040512983,-3.1862326
37,-0.009832275,0.00034255537,0.06080736,-0.16334483,-0.10253747,0.060807362,-3.1862326
38,-0.012629859,0.00064368924,0.046832275,-0.15720026,-0.11036798,0.04683227,-3.1862326
39,-0.01224916,0.00031783222,0.052569557,-0.16035677,-0.10778722,0.05256956,-3.1862326
40,-0.016792018,0.00023724562,0.0564336,-0.16272154,-0.10628794,0.056433596,-3.1862326
41,-0.018685019,0.00028046683,0.0431293,-0.15829846,-0.11516915,0.043129303,-3.1862326
42,-0.012075412,0.00031030676,0.054244537,-0.16931218,-0.115067646,0.054244544,-3.1862326
43,-0.016568836,0.00049704325,0.04723302,-0.15515886,-0.10792583,0.047233023,-3.1862326
44,-0.010097402,0.000324022,0.065012835,-0.17168687,-0.10667403,0.06501284,-3.1862326
45,-0.01876087,0.000180894,0.044699,-0.16647208,-0.12177308,0.044699,-3.1862326
46,-0.014326249,0.0012626458,0.044445336,-0.17090303,-0.12645768,0.044445336,-3.1862326
47,-0.010005356,0.00044657453,0.051554997,-0.1601226,-0.108567625,0.051554993,-3.1862326
48,-0.011555042,0.00039388312,0.043457866,-0.14908558,-0.105627716,0.043457866,-3.1862326
49,-0.006187599,0.00019643518,0.05392656,-0.15955177,-0.105625205,0.053926565,-3.1862326
50,-0.015489223,0.00037160373,0.04661423,-0.15661605,-0.11000182,0.046614226,-3.1862326
51,-0.019140812,0.00016319244,0.06575617,-0.17628403,-0.11052786,0.06575617,-3.1862326
52,-0.01012504,0.00041025478,0.05256496,-0.1609533,-0.10838835,0.05256496,-3.1862326
53,-0.013243687,0.00025715778,0.06811278,-0.16863352,-0.10052072,0.06811279,-3.1862326
54,-0.013580444,0.00096553966,0.044495363,-0.1671203,-0.122624926,0.044495367,-3.1862326
55,-0.012690603,0.00023734158,0.055169612,-0.1626759,-0.10750629,0.05516961,-3.1862326
56,-0.0056940205,0.00025695714,0.05030481,-0.15811059,-0.10780578,0.050304808,-3.1862326
57,-0.0057083485,0.00026498412,0.050426517,-0.1719689,-0.12154239,0.050426517,-3.1862326
58,-0.009823471,0.0003975757,0.06041075,-0.17065886,-0.11024812,0.06041074,-3.1862326
59,-0.013061973,0.00021372695,0.060332406,-0.16680431,-0.1064719,0.060332406,-3.1862326
60,-0.010996227,0.0006690023,0.058696236,-0.1605841,-0.10188788,0.058696233,-3.1862326
61,-0.0110891545,0.00016394038,0.052221294,-0.16689193,-0.11467065,0.05222129,-3.1862326
62,-0.008493004,0.00026488377,0.048600886,-0.16725281,-0.11865191,0.048600886,-3.1862326
63,-0.012968555,0.00040289992,0.05096385,-0.15361115,-0.1026473,0.05096385,-3.1862326
64,-0.0074678236,0.000250813,0.03805285,-0.15436316,-0.11631031,0.038052853,-3.1862326
65,-0.021797473,0.0002769745,0.06938,-0.16342786,-0.094047844,0.06938001,-3.1862326
66,-0.009693644,0.00024133782,0.061660215,-0.16873571,-0.1070755,0.06166022,-3.1862326
67,-0.0061377087,0.00041947587,0.062142715,-0.16464648,-0.10250376,0.06214271,-3.1862326
68,-0.009779826,0.0001003291,0.063415416,-0.16551208,-0.10209668,0.06341541,-3.1862326
69,-0.014002685,0.00039580488,0.056836754,-0.1571624,-0.10032566,0.056836754,-3.1862326
70,-0.0050925524,0.00015439159,0.0532884,-0.16896252,-0.11567412,0.053288408,-3.1862326
71,-0.010715217,0.00031008263,0.054558422,-0.15607277,-0.10151435,0.05455842,-3.1862326
72,-0.010495495,0.0004786189,0.06829161,-0.15578082,-0.08748922,0.06829161,-3.1862326
73,0.005516389,0.00018807784,0.06715334,-0.1679759,-0.10082255,0.067153335,-3.1862326
74,-0.011924359,0.0004946802,0.05609381,-0.15875778,-0.102663964,0.056093805,-3.1862326
75,-0.011776645,0.0012265142,0.08926574,-0.17495066,-0.08568494,0.089265734,-3.1862326
76,-0.022048714,0.00048457822,0.05437477,-0.16062248,-0.1062477,0.05437477,-3.1862326
77,-0.01342656,0.00031011787,0.050588757,-0.14824677,-0.09765802,0.050588753,-3.1862326
78,0.0013875036,0.00024404489,0.06726331,-0.16687728,-0.09961397,0.06726332,-3.1862326
79,0.00057217694,0.00026326298,0.06157689,-0.16001078,-0.09843388,0.0615769,-3.1862326
80,-0.013767856,0.00019233035,0.055724144,-0.15926538,-0.10354123,0.055724144,-3.1862326
81,0.039290782,0.00017392622,0.06764287,-0.16037169,-0.09272883,0.067642875,-3.1862326
82,0.020047659,0.00015002821,0.070436575,-0.16072452,-0.09028794,0.07043658,-3.1862326
83,0.036796767,0.00020273075,0.065260075,-0.16516331,-0.09990325,0.06526007,-3.1862326
84,0.010135113,0.00071452773,0.07060975,-0.17557506,-0.104965314,0.07060975,-3.1862326
85,-0.008182752,0.00017938104,0.06208819,-0.17307445,-0.11098625,0.062088203,-3.1862326
86,0.021400323,0.0008902386,0.06817794,-0.17649081,-0.108312875,0.06817794,-3.1862326
87,0.078880705,0.0003628158,0.06874378,-0.1608085,-0.09206473,0.06874377,-3.1862326
88,0.014867312,0.0006221345,0.09229994,-0.17005445,-0.07775451,0.09229994,-3.1862326
89,4117.9907,0.0018418023,0.10767687,-0.19311246,-0.0854356,0.10767686,-3.1862326
90,2713146.0,0.0016148812,0.10533279,-0.15432476,-0.048991974,0.10533279,-3.1862326
91,0.17622904,0.0008261351,0.13939863,-0.16335607,-0.023957428,0.13939863,-3.1862326
92,0.04503687,0.0005026535,0.12979229,-0.16478455,-0.03499226,0.12979227,-3.1862326
93,0.00031488077,0.00040994884,0.14381547,-0.15728223,-0.013466779,0.14381546,-3.1862326
94,-0.00030264258,0.00039877393,0.14629298,-0.16469902,-0.018406045,0.14629298,-3.1862326
95,-0.0073516965,0.0012617004,0.13129826,-0.15348013,-0.02218186,0.13129826,-3.1862326
96,-0.00519189,0.0005209719,0.130973,-0.14544517,-0.014472159,0.13097301,-3.1862326
97,0.003350788,0.0003057496,0.13791636,-0.16936041,-0.031444065,0.13791636,-3.1862326
98,-0.0047742347,0.0009947479,0.121590525,-0.14162907,-0.020038543,0.12159053,-3.1862326
99,-0.0002707184,0.0006149314,0.13700308,-0.15995994,-0.022956863,0.13700306,-3.1862326
100,-0.0021042374,0.0007467645,0.13513742,-0.14449704,-0.00935961,0.13513741,-3.1862326
101,-0.0070470828,0.00026296134,0.13295843,-0.16514759,-0.032189146,0.13295844,-3.1862326
102,-0.0024752233,0.00029230388,0.13570033,-0.16274199,-0.027041655,0.13570032,-3.1862326
103,-0.0017950237,0.0006565982,0.11254322,-0.1556386,-0.043095402,0.11254322,-3.1862326
104,-0.0029448986,0.00076922006,0.12522957,-0.15918173,-0.033952177,0.12522957,-3.1862326
105,-0.0054253093,0.0007277173,0.1301236,-0.15005967,-0.019936075,0.13012359,-3.1862326
106,0.009201676,0.0003179581,0.13917775,-0.16709541,-0.027917664,0.13917774,-3.1862326
107,0.010926756,0.00011784144,0.14268376,-0.16834167,-0.025657909,0.14268377,-3.1862326
108,-0.0036517873,0.0007570264,0.12990169,-0.15606357,-0.026161883,0.12990169,-3.1862326
109,0.0019802004,0.0008963602,0.12163305,-0.17174226,-0.05010921,0.12163305,-3.1862326
110,-0.0031632055,0.00093025033,0.12830119,-0.15035784,-0.022056669,0.12830119,-3.1862326
111,0.002930519,0.0006179859,0.117842875,-0.14504552,-0.02720265,0.11784286,-3.1862326
112,0.0085586,0.00036798706,0.13360892,-0.16370864,-0.030099738,0.13360891,-3.1862326
113,0.0024210631,0.0012437153,0.14486082,-0.1670736,-0.022212757,0.14486085,-3.1862326
114,0.0038584694,0.00046615992,0.13659516,-0.15781537,-0.021220205,0.13659516,-3.1862326
115,-0.0012308661,0.00028897726,0.12934811,-0.1693336,-0.039985515,0.1293481,-3.1862326
116,-0.002190534,0.00041292878,0.13792609,-0.15712506,-0.019198976,0.13792607,-3.1862326
117,-0.0070714094,0.00058185443,0.13237005,-0.14896145,-0.01659141,0.13237005,-3.1862326
118,-0.00016431138,0.0005106775,0.14035156,-0.16352168,-0.023170114,0.14035156,-3.1862326
119,-0.0023206805,0.00061424193,0.122451775,-0.14626,-0.0238082,0.12245179,-3.1862326
120,0.004631106,0.0004117711,0.12273508,-0.15853566,-0.035800576,0.12273509,-3.1862326
121,0.00014002404,0.00026504023,0.14309901,-0.16013283,-0.017033799,0.14309902,-3.1862326
122,-0.0002003399,0.0004980112,0.12915348,-0.16464423,-0.035490736,0.12915349,-3.1862326
123,-0.0034783457,0.00082049886,0.132446,-0.14845274,-0.016006736,0.132446,-3.1862326
124,-0.0017777557,0.0006065201,0.13106649,-0.14691429,-0.015847782,0.1310665,-3.1862326
125,-0.0064982637,0.00073029107,0.115746856,-0.14302742,-0.027280577,0.11574684,-3.1862326
126,0.00043012822,0.00079947617,0.12835805,-0.15234509,-0.023987025,0.12835805,-3.1862326
127,0.0037765868,0.004591019,0.13332509,-0.15797001,-0.02464492,0.1333251,-3.1862326
128,-0.003490112,0.0015284171,0.1340061,-0.15447426,-0.02046816,0.13400611,-3.1862326
129,-0.0036801107,0.0005628694,0.12804274,-0.16485423,-0.036811493,0.12804273,-3.1862326
130,-0.0014590801,0.0004627154,0.133808,-0.15741476,-0.023606775,0.133808,-3.1862326
131,-0.00077090226,0.00087675155,0.12855479,-0.15366246,-0.025107682,0.12855478,-3.1862326
132,0.00057912123,0.00088599767,0.13998464,-0.15666863,-0.016683973,0.13998467,-3.1862326
133,-0.0011125585,0.0004556299,0.12764591,-0.13758738,-0.009941466,0.12764591,-3.1862326
134,0.0078078876,0.00026020192,0.13560955,-0.16110295,-0.025493406,0.13560957,-3.1862326
135,-0.008465008,0.0014569806,0.11643102,-0.13938934,-0.022958316,0.11643103,-3.1862326
136,0.0062812627,0.0004860604,0.14577787,-0.16005158,-0.014273701,0.14577788,-3.1862326
137,-0.007465525,0.0008360858,0.12180108,-0.15268184,-0.030880764,0.12180108,-3.1862326
138,-0.0049269446,0.00054797286,0.11020567,-0.14742771,-0.037222058,0.11020566,-3.1862326
139,0.0035753176,0.00051632087,0.14252274,-0.1542247,-0.0117019685,0.14252272,-3.1862326
140,0.0015874406,0.00027671436,0.13832912,-0.16780174,-0.029472614,0.13832912,-3.1862326
141,-0.0011527166,0.00089662214,0.1399572,-0.14847085,-0.008513667,0.13995719,-3.1862326
142,-0.00041909795,0.000542988,0.13259704,-0.15898064,-0.026383616,0.13259703,-3.1862326
143,0.004718018,0.00025076128,0.13902126,-0.16670258,-0.027681319,0.13902128,-3.1862326
144,-0.0007088163,0.0008120628,0.13009937,-0.15493737,-0.024838028,0.13009936,-3.1862326
145,-0.0018363511,0.0012410473,0.11073256,-0.13139221,-0.020659639,0.11073257,-3.1862326
146,0.0067447056,0.00049609895,0.11153983,-0.1548815,-0.043341666,0.11153984,-3.1862326
147,0.0034406688,0.00032710284,0.12725623,-0.15643975,-0.029183496,0.12725624,-3.1862326
148,2.5904737e-05,0.0005044969,0.13343002,-0.15743671,-0.024006676,0.13343003,-3.1862326
149,0.002439506,0.00050149276,0.12651242,-0.1481092,-0.02159677,0.12651244,-3.1862326
150,-0.010672188,0.00064276025,0.12945648,-0.1399074,-0.010450935,0.12945648,-3.1862326
151,0.0063111954,0.00059002574,0.12892151,-0.14615968,-0.017238174,0.12892151,-3.1862326
152,0.0019993465,0.0002802046,0.12405068,-0.1585475,-0.034496814,0.12405069,-3.1862326
153,0.0041938093,0.00023486537,0.14354095,-0.16113514,-0.0175942,0.14354095,-3.1862326
154,0.0017539468,0.0009021835,0.1236856,-0.14935699,-0.025671385,0.1236856,-3.1862326
155,0.0043255338,0.00086995284,0.1339591,-0.16276243,-0.028803322,0.13395911,-3.1862326
156,0.0068630506,0.0010575403,0.11641111,-0.15676701,-0.040355913,0.116411105,-3.1862326
157,0.008755419,0.00034548657,0.13196789,-0.16553128,-0.033563398,0.13196789,-3.1862326
158,0.001982458,0.0003942354,0.14363243,-0.15485628,-0.011223847,0.14363243,-3.1862326
159,0.0007123497,0.0010127007,0.12353472,-0.15415072,-0.030616,0.123534724,-3.1862326
160,-0.0003211697,0.0004829881,0.12753502,-0.1520721,-0.02453709,0.127535,-3.1862326
161,-0.0077866563,0.00058588333,0.12345264,-0.14507218,-0.02161954,0.12345264,-3.1862326
162,-0.0014852391,0.00035838305,0.13019256,-0.15449591,-0.024303332,0.13019258,-3.1862326
163,-0.0013350308,0.0004993777,0.12550811,-0.15060002,-0.025091885,0.12550813,-3.1862326
164,0.005734665,0.00036871238,0.1303369,-0.15690804,-0.026571143,0.13033688,-3.1862326
165,-0.004162774,0.0004089398,0.13359709,-0.14599031,-0.012393228,0.13359708,-3.1862326
166,0.0035099431,0.00047364944,0.13021637,-0.16198215,-0.031765766,0.13021637,-3.1862326
167,-0.0009769736,0.0006011489,0.13248907,-0.14705661,-0.0145675205,0.13248909,-3.1862326
168,0.00468215,0.00034468053,0.13691057,-0.15991427,-0.0230037,0.13691057,-3.1862326
169,0.00077602704,0.0006928612,0.13054433,-0.15910621,-0.02856186,0.13054435,-3.1862326
170,-0.0011085547,0.00045638162,0.123130225,-0.1528495,-0.029719286,0.1231302,-3.1862326
171,-0.0011163881,0.00044388336,0.12889288,-0.14932707,-0.020434197,0.12889287,-3.1862326
172,0.011628243,0.00029879878,0.14279999,-0.16000709,-0.017207101,0.14279997,-3.1862326
173,-0.0069527687,0.00089222804,0.12184656,-0.15311705,-0.03127048,0.12184656,-3.1862326
174,-0.003258485,0.00038954368,0.12154006,-0.15666495,-0.03512489,0.12154006,-3.1862326
175,0.0025519591,0.00043988178,0.11881288,-0.15670316,-0.03789029,0.118812874,-3.1862326
176,0.0009755478,0.00046697,0.14261411,-0.15429851,-0.011684416,0.1426141,-3.1862326
177,0.00288219,0.0003218614,0.13229448,-0.15873183,-0.026437365,0.13229448,-3.1862326
178,0.013445842,0.00010434954,0.13686517,-0.16600291,-0.029137759,0.13686517,-3.1862326
179,-0.0017625978,0.00093063666,0.12956123,-0.14202547,-0.012464244,0.12956125,-3.1862326
180,0.005278181,0.0004699036,0.13519175,-0.15638135,-0.021189604,0.13519175,-3.1862326
181,-0.004796429,0.0003405174,0.14515662,-0.16536304,-0.020206425,0.14515662,-3.1862326
182,-0.002817054,0.0001688905,0.13611142,-0.15730473,-0.021193324,0.13611141,-3.1862326
183,-0.0014235508,0.00055576,0.13335554,-0.14790918,-0.014553612,0.13335556,-3.1862326
184,0.0034258887,0.00021916754,0.1356266,-0.16463827,-0.029011663,0.13562661,-3.1862326
185,0.0055129095,0.000465002,0.13555329,-0.16979373,-0.03424043,0.13555327,-3.1862326
186,0.0010715189,0.0006415846,0.1317138,-0.16263309,-0.030919306,0.13171378,-3.1862326
187,0.0016456017,0.00026439634,0.13247699,-0.15486333,-0.022386339,0.13247699,-3.1862326
188,0.00613903,0.0006144342,0.13893576,-0.16238606,-0.023450315,0.13893574,-3.1862326
189,0.0013453028,0.0007411579,0.13534664,-0.15327513,-0.0179285,0.13534662,-3.1862326
190,0.0023636923,0.00054778723,0.12985447,-0.15943754,-0.029583097,0.12985444,-3.1862326
191,0.006476879,0.0007438618,0.1449031,-0.15344168,-0.008538591,0.1449031,-3.1862326
192,0.0004563164,0.00064972095,0.13609512,-0.15412126,-0.018026125,0.13609514,-3.1862326
193,-0.0036079504,0.0006271646,0.12234796,-0.14936574,-0.027017778,0.122347966,-3.1862326
194,-0.0034635721,0.0005106447,0.13219917,-0.15101984,-0.018820679,0.13219917,-3.1862326
195,-0.0012110429,0.001049057,0.11968052,-0.13324282,-0.013562294,0.11968051,-3.1862326
196,0.008376575,0.00056697166,0.14239423,-0.16946977,-0.027075555,0.14239423,-3.1862326
197,0.0004043691,0.000178228,0.12453136,-0.15238447,-0.02785312,0.12453135,-3.1862326
198,0.0045368895,0.0003166314,0.13553417,-0.16814312,-0.03260897,0.13553414,-3.1862326
199,-0.002908754,0.00055612734,0.1257592,-0.14924707,-0.02348784,0.12575921,-3.1862326
200,-0.0053492016,0.0007545873,0.11528691,-0.16477984,-0.049492944,0.1152869,-3.1862326
201,4.340289e-05,0.0005597417,0.13924468,-0.15157586,-0.012331203,0.13924468,-3.1862326
202,3.1495776e-05,0.0011023742,0.11219346,-0.14337239,-0.031178946,0.112193435,-3.1862326
203,-0.0011945922,0.000991957,0.12419161,-0.14902207,-0.024830455,0.12419163,-3.1862326
204,0.003632728,0.0011338118,0.1373072,-0.14955759,-0.012250384,0.1373072,-3.1862326
205,-4.593283e-06,0.0002259361,0.13931015,-0.16699587,-0.027685707,0.13931015,-3.1862326
206,0.0029896724,0.00015207505,0.14511491,-0.17131737,-0.02620246,0.14511491,-3.1862326
207,-0.0021171756,0.0009706346,0.114904605,-0.14338489,-0.02848028,0.11490461,-3.1862326
208,0.0014917133,0.0009803864,0.1266983,-0.1466715,-0.019973192,0.12669832,-3.1862326
209,-0.002438493,0.00038522657,0.13904342,-0.1565457,-0.01750228,0.13904342,-3.1862326
210,0.007071505,0.0006162783,0.13528311,-0.15719306,-0.021909948,0.13528311,-3.1862326
211,-0.004622454,0.00085514574,0.13567673,-0.15123494,-0.0155581925,0.13567676,-3.1862326
212,0.0020923263,0.0003194679,0.13919303,-0.15578072,-0.016587693,0.13919303,-3.1862326
213,-0.003871382,0.0003840118,0.12495458,-0.16093448,-0.035979897,0.12495458,-3.1862326
214,0.019378746,0.00038548256,0.13630646,-0.16556764,-0.029261159,0.13630646,-3.1862326
215,0.0083876755,0.00030873113,0.13937946,-0.16384053,-0.02446108,0.13937946,-3.1862326
216,0.0047579356,0.0030679165,0.12507018,-0.16213232,-0.037062157,0.12507018,-3.1862326
217,-0.0053474843,0.00051956606,0.13837783,-0.15552825,-0.017150402,0.13837785,-3.1862326
218,-0.0017713126,0.0006192109,0.12287267,-0.14357609,-0.02070344,0.12287265,-3.1862326
219,-0.0037399828,0.00043706506,0.146438,-0.15670884,-0.010270828,0.146438,-3.1862326
220,0.00065061264,0.000568331,0.13200578,-0.17082734,-0.038821556,0.13200578,-3.1862326
221,0.0043534064,0.00038937796,0.15019499,-0.17385219,-0.023657203,0.15019499,-3.1862326
222,-0.006751493,0.00046702812,0.14034484,-0.15635355,-0.016008697,0.14034486,-3.1862326
223,0.004654451,0.001012932,0.14498629,-0.159876,-0.014889732,0.14498627,-3.1862326
224,0.009381038,0.00015352118,0.1489181,-0.16497499,-0.016056888,0.14891809,-3.1862326
225,-0.0037353176,0.00046180666,0.11185929,-0.14705461,-0.035195306,0.11185929,-3.1862326
226,-0.0014788144,0.00048289905,0.1180064,-0.14036182,-0.022355428,0.11800638,-3.1862326
227,-0.00056351785,0.0008191019,0.1234444,-0.1545888,-0.031144407,0.12344439,-3.1862326
228,0.0032977613,0.00060332543,0.12718236,-0.15069675,-0.023514388,0.12718236,-3.1862326
229,-0.0027459913,0.00022314797,0.13864775,-0.15990742,-0.021259667,0.13864775,-3.1862326
230,0.010051038,0.00026521925,0.13840003,-0.16041026,-0.022010243,0.13840002,-3.1862326
231,0.00018478744,0.00075286586,0.1416293,-0.16190383,-0.020274527,0.1416293,-3.1862326
232,0.007310377,0.00032042534,0.13973734,-0.1723593,-0.03262196,0.13973734,-3.1862326
233,0.0025150233,7.5470125e-05,0.1310267,-0.15797514,-0.026948433,0.1310267,-3.1862326
234,-0.0056369803,0.0007402085,0.11842948,-0.15445533,-0.036025852,0.118429475,-3.1862326
235,0.003124793,0.00036330064,0.13519692,-0.15328959,-0.018092666,0.13519692,-3.1862326
236,-0.0038363754,0.0006206325,0.1318547,-0.15014526,-0.018290572,0.13185468,-3.1862326
237,0.002582319,0.00016830453,0.12036422,-0.15892257,-0.038558353,0.120364204,-3.1862326
238,0.012130808,0.00038165553,0.13151112,-0.17283301,-0.041321896,0.13151112,-3.1862326
239,-0.0038827825,0.0012955334,0.12011244,-0.14250411,-0.022391666,0.12011244,-3.1862326
240,0.0054345527,0.00026742925,0.15061213,-0.16491182,-0.014299677,0.15061216,-3.1862326
241,0.007477584,0.00048063774,0.13581268,-0.15525955,-0.019446872,0.13581267,-3.1862326
242,0.0009251695,0.00091018406,0.12158274,-0.1425607,-0.020977981,0.12158273,-3.1862326
243,0.0056210514,0.00044828103,0.136231,-0.15326253,-0.017031528,0.136231,-3.1862326
244,-0.0010193778,0.00064681104,0.12646605,-0.15495776,-0.028491694,0.12646607,-3.1862326
245,-0.00027381568,0.00094073615,0.12491483,-0.14501968,-0.020104837,0.12491484,-3.1862326
246,0.0065371157,0.0028041296,0.12462064,-0.16268851,-0.038067862,0.124620646,-3.1862326
247,0.000661547,0.00033182072,0.12887801,-0.16059756,-0.031719536,0.12887803,-3.1862326
248,-0.002081345,0.0008310962,0.13587168,-0.14748862,-0.011616926,0.1358717,-3.1862326
249,0.005903313,0.00027720036,0.13134211,-0.16648617,-0.035144046,0.13134211,-3.1862326
250,-0.0025174308,0.0011274006,0.13142128,-0.15708378,-0.025662495,0.13142128,-3.1862326
251,-0.0028920292,0.0006929858,0.12501834,-0.15190549,-0.02688713,0.12501836,-3.1862326
252,0.0021783162,0.00042517282,0.12822704,-0.14962181,-0.021394795,0.12822703,-3.1862326
253,0.009894149,0.00014535076,0.13975266,-0.16504297,-0.025290301,0.13975266,-3.1862326
254,0.0007065001,0.0007964405,0.13743699,-0.15665907,-0.019222094,0.13743696,-3.1862326
255,-0.0018150281,0.00092229224,0.12743868,-0.14876115,-0.021322478,0.1274387,-3.1862326
256,0.0033071602,0.0012413637,0.13741831,-0.15560731,-0.018189002,0.13741831,-3.1862326
257,-0.0068497644,0.0006340193,0.12814155,-0.1611709,-0.033029355,0.12814155,-3.1862326
258,0.0052424506,0.0004478265,0.14275369,-0.1608252,-0.018071493,0.14275369,-3.1862326
259,-0.00041651167,0.00033291188,0.11879185,-0.150481,-0.03168915,0.118791856,-3.1862326
260,0.010758132,0.00011160054,0.14164184,-0.16797078,-0.026328936,0.14164184,-3.1862326
261,-0.0011367457,0.0007762399,0.1293599,-0.14249977,-0.0131398775,0.1293599,-3.1862326
262,-0.0039103846,0.0005639519,0.13202102,-0.15702546,-0.02500445,0.13202101,-3.1862326
263,0.0012079146,0.00044976466,0.13309069,-0.15889528,-0.025804585,0.1330907,-3.1862326
264,0.0020578285,0.000488253,0.13949041,-0.16012141,-0.02063099,0.13949043,-3.1862326
265,0.0014803614,0.00032661916,0.13792868,-0.15759984,-0.019671164,0.13792866,-3.1862326
266,0.00030724765,0.0003336995,0.14759457,-0.15977195,-0.012177372,0.14759457,-3.1862326
267,0.005749119,8.6406566e-05,0.13007298,-0.16549933,-0.03542633,0.13007298,-3.1862326
268,0.0022737347,0.00026177746,0.14338888,-0.15819588,-0.014807001,0.1433889,-3.1862326
269,0.0038664842,0.0010887639,0.13405798,-0.16185924,-0.027801283,0.13405797,-3.1862326
270,-0.0041869883,0.00048713782,0.13701883,-0.15743002,-0.020411184,0.13701883,-3.1862326
271,0.004574029,0.00039388178,0.1245869,-0.1621488,-0.037561897,0.1245869,-3.1862326
272,-0.0036510245,0.00057391456,0.13170022,-0.1503847,-0.018684486,0.13170022,-3.1862326
273,-0.000118939824,0.00076278555,0.12715699,-0.15454765,-0.02739064,0.127157,-3.1862326
274,0.015053603,0.00019894243,0.1398566,-0.16853029,-0.028673682,0.1398566,-3.1862326
275,2.1807151e-05,0.0011984596,0.13754077,-0.15168352,-0.014142746,0.13754077,-3.1862326
276,-0.00053328834,0.000463565,0.13560764,-0.15628156,-0.02067392,0.13560766,-3.1862326
277,0.0060828924,0.00043586188,0.12788479,-0.15262163,-0.024736864,0.12788478,-3.1862326
278,-0.0019315981,0.0014605623,0.13062192,-0.14380604,-0.013184121,0.13062192,-3.1862326
279,-0.0060353093,0.0006443106,0.139143,-0.14895071,-0.009807721,0.13914299,-3.1862326
280,0.009156685,0.0006532748,0.14185646,-0.16314253,-0.02128607,0.14185646,-3.1862326
281,0.0036150522,0.0011157361,0.12970461,-0.16173272,-0.0320281,0.12970462,-3.1862326
282,-0.008050271,0.0005672741,0.10675938,-0.14614397,-0.039384574,0.10675939,-3.1862326
283,0.0010008482,0.00029548444,0.1267256,-0.16428632,-0.037560724,0.12672558,-3.1862326
284,0.005117534,0.0011767162,0.13512832,-0.14883271,-0.013704386,0.13512832,-3.1862326
285,-0.0021302404,0.0010070073,0.13129173,-0.15629631,-0.025004579,0.13129173,-3.1862326
286,-0.0016573603,0.00032816784,0.13517164,-0.15526697,-0.020095296,0.13517167,-3.1862326
287,-0.0017557777,0.00019943359,0.13667308,-0.15893984,-0.02226675,0.13667306,-3.1862326
288,0.0008900308,0.0005250725,0.13615978,-0.15060984,-0.014450071,0.13615978,-3.1862326
289,0.0024877277,0.00035781876,0.14463723,-0.15712765,-0.012490423,0.14463721,-3.1862326
290,0.003653003,0.00081081333,0.12767226,-0.14468712,-0.017014865,0.12767224,-3.1862326
291,0.002906107,0.0003843205,0.13689531,-0.16416626,-0.027270949,0.1368953,-3.1862326
292,0.0014882643,0.00020422733,0.12559535,-0.16241696,-0.03682161,0.12559535,-3.1862326
293,0.00248993,0.00022245686,0.14913219,-0.15904745,-0.009915265,0.14913216,-3.1862326
294,0.002832879,0.00026330157,0.14135686,-0.16666918,-0.025312327,0.14135686,-3.1862326
295,-0.0057401173,0.00051071687,0.12176403,-0.14647546,-0.02471143,0.12176403,-3.1862326
296,0.0035363745,0.0008418069,0.13281603,-0.15525135,-0.022435311,0.13281605,-3.1862326
297,0.0029511992,0.00095225865,0.12041659,-0.16720429,-0.04678771,0.12041658,-3.1862326
298,0.00488967,0.00044243317,0.13506381,-0.17065346,-0.03558966,0.1350638,-3.1862326
299,-0.003651379,0.0012840955,0.122494094,-0.14820197,-0.025707882,0.122494094,-3.1862326
300,-0.00028551137,0.0007813196,0.13601531,-0.15099818,-0.01498287,0.13601531,-3.1862326
